Words,Link,Score
BRUXELLES,1000,1000
BRUSSELS,1000,1000
ANTWERPEN,2000,950
ANTWERP,2000,950
GENT,9000,900
GHENT,9000,900
BELGIQUE,1000,900
BELGIUM,1000,900
BELGIË,1000,900
LIÈGE,4000,880
LIEGE,4000,880
BRUGGE,8000,860
BRUGES,8000,860
CHARLEROI,6000,840
NAMUR,5000,800
LEUVEN,3000,790
MONS,7000,770
FLANDRE,9000,760
WALLONIE,5000,750
FLANDERS,9000,750
AALST,3800,740
WALLONIA,5000,740
MECHELEN,2800,730
HASSELT,3500,720
KORTRIJK,8500,720
OOSTENDE,8400,710
LA LOUVIÈRE,7100,700
TOURNAI,7500,700
BRABANT,3000,700
GENK,3600,690
SINT-NIKLAAS,9100,690
SERAING,4100,660
ROESELARE,8800,650
HAINAUT,7000,650
WATERLOO,1410,640
MOUSCRON,7700,640
VERVIERS,4800,640
ARLON,6700,630
LOUVAIN-LA-NEUVE,1348,580
DINANT,5500,580
ARDENNES,6800,580
HAREN,1130,401
MELDERT,3320,401
CELLES,4317,401
FOREST,1190,235
DEURNE,2100,235
TONGERLO,2260,235
BERCHEM,2600,235
MUIZEN,2812,235
RUISBROEK,1601,235
KAPELLEN,2950,235
HALLE,1500,235
SINT-PIETERS-KAPELLE,1541,235
HAMME,1785,235
MACHELEN,1830,235
BERG,1910,235
HOFSTADE,1981,235
SINT-MARGRIETE-HOUTEM,3300,235
TIELT,3390,235
HEUSDEN,3550,235
KOLMONT,3700,235
NIEUWERKERKEN,3850,235
KALLO,9120,235
OOMBERGEN,9520,235
SINT-MARIA-OUDENHOVE,9620,235
OOIKE,9700,235
RAMSKAPELLE,8301,235
OOSTKERKE,8340,235
ZANDVOORDE,8400,235
SINT-JORIS,8620,235
BEVEREN,8791,235
SAINT-REMY,4672,235
SAINT-LÉGER,6747,235
ARBRE,5170,235
EHEIN,4120,235
LOUVEIGNÉ,4141,235
NOVILLE,4347,235
JENEFFE,4357,235
NEUFCHÂTEAU,4608,235
POLLEUR,4800,235
CLERMONT,4890,235
MONT,5530,235
LONGCHAMPS,5310,235
BELLEFONTAINE,5555,235
PORCHERESSE,5370,235
LAEKEN,1020,1
SCHAERBEEK,1030,1
ETTERBEEK,1040,1
IXELLES,1050,1
SAINT-GILLES,1060,1
ANDERLECHT,1070,1
MOLENBEEK-SAINT-JEAN,1080,1
KOEKELBERG,1081,1
BERCHEM-SAINTE-AGATHE,1082,1
GANSHOREN,1083,1
JETTE,1090,1
NEDER-OVER-HEEMBEEK,1120,1
EVERE,1140,1
WOLUWE-SAINT-PIERRE,1150,1
AUDERGHEM,1160,1
WATERMAEL-BOITSFORT,1170,1
UCCLE,1180,1
WOLUWE-SAINT-LAMBERT,1200,1
SAINT-JOSSE-TEN-NOODE,1210,1
ZANDVLIET,2040,1
LILLO,2040,1
BERENDRECHT,2040,1
BURCHT,2070,1
ZWIJNDRECHT,2070,1
WIJNEGEM,2110,1
BORGERHOUT,2140,1
BORSBEEK,2150,1
WOMMELGEM,2160,1
MERKSEM,2170,1
EKEREN,2180,1
MORKHOVEN,2200,1
NOORDERWIJK,2200,1
HERENTALS,2200,1
HEIST-OP-DEN-BERG,2220,1
HALLAAR,2220,1
BOOISCHOT,2221,1
WIEKEVORST,2222,1
ITEGEM,2222,1
SCHRIEK,2223,1
RAMSEL,2230,1
HERSELT,2230,1
HULSHOUT,2235,1
WESTMEERBEEK,2235,1
HOUTVENNE,2235,1
MASSENHOVEN,2240,1
ZANDHOVEN,2240,1
VIERSEL,2240,1
PULDERBOS,2242,1
PULLE,2243,1
OLEN,2250,1
ZOERLE-PARWIJS,2260,1
WESTERLO,2260,1
OEVEL,2260,1
HERENTHOUT,2270,1
WECHELDERZANDE,2275,1
LILLE,2275,1
POEDERLEE,2275,1
GIERLE,2275,1
GROBBENDONK,2280,1
BOUWEL,2288,1
VORSELAAR,2290,1
TURNHOUT,2300,1
RIJKEVORSEL,2310,1
HOOGSTRATEN,2320,1
MEER,2321,1
MINDERHOUT,2322,1
WORTEL,2323,1
MEERLE,2328,1
MERKSPLAS,2330,1
BEERSE,2340,1
VLIMMEREN,2340,1
VOSSELAAR,2350,1
OUD-TURNHOUT,2360,1
ARENDONK,2370,1
RAVELS,2380,1
WEELDE,2381,1
POPPEL,2382,1
BAARLE-HERTOG,2387,1
OOSTMALLE,2390,1
WESTMALLE,2390,1
MALLE,2390,1
MOL,2400,1
VORST,2430,1
EINDHOUT,2430,1
LAAKDAL,2430,1
VARENDONK,2431,1
VEERLE,2431,1
GEEL,2440,1
MEERHOUT,2450,1
KASTERLEE,2460,1
TIELEN,2460,1
LICHTAART,2460,1
RETIE,2470,1
DESSEL,2480,1
BALEN,2490,1
OLMEN,2491,1
LIER,2500,1
KONINGSHOOIKT,2500,1
RANST,2520,1
OELEGEM,2520,1
EMBLEM,2520,1
BROECHEM,2520,1
BOECHOUT,2530,1
VREMDE,2531,1
HOVE,2540,1
LINT,2547,1
WAARLOOS,2550,1
KONTICH,2550,1
NIJLEN,2560,1
KESSEL,2560,1
BEVEL,2560,1
DUFFEL,2570,1
PUTTE,2580,1
BEERZEL,2580,1
GESTEL,2590,1
BERLAAR,2590,1
WILRIJK,2610,1
HEMIKSEM,2620,1
SCHELLE,2627,1
AARTSELAAR,2630,1
MORTSEL,2640,1
EDEGEM,2650,1
HOBOKEN,2660,1
WALEM,2800,1
HEFFEN,2801,1
LEEST,2811,1
HOMBEEK,2811,1
RIJMENAM,2820,1
BONHEIDEN,2820,1
HEINDONK,2830,1
TISSELT,2830,1
WILLEBROEK,2830,1
BLAASVELD,2830,1
RUMST,2840,1
REET,2840,1
TERHAGEN,2840,1
NIEL,2845,1
BOOM,2850,1
SINT-KATELIJNE-WAVER,2860,1
ONZE-LIEVE-VROUW-WAVER,2861,1
PUURS,2870,1
LIEZELE,2870,1
PUURS-SINT-AMANDS,2870,1
BREENDONK,2870,1
WEERT,2880,1
MARIEKERKE,2880,1
HINGENE,2880,1
BORNEM,2880,1
SINT-AMANDS,2890,1
OPPUURS,2890,1
LIPPELO,2890,1
SCHOTEN,2900,1
ESSEN,2910,1
KALMTHOUT,2920,1
BRASSCHAAT,2930,1
STABROEK,2940,1
HOEVENEN,2940,1
BRECHT,2960,1
SINT-JOB-IN-'T-GOOR,2960,1
SINT-LENAARTS,2960,1
'S GRAVENWEZEL,2970,1
SCHILDE,2970,1
ZOERSEL,2980,1
LOENHOUT,2990,1
WUUSTWEZEL,2990,1
BUIZINGEN,1501,1
LEMBEEK,1502,1
HERNE,1540,1
HERFELINGEN,1540,1
BIÉVÈNE,1547,1
HOEILAART,1560,1
GALMAARDEN,1570,1
VOLLEZELE,1570,1
TOLLEMBEEK,1570,1
SINT-LAUREINS-BERCHEM,1600,1
SINT-PIETERS-LEEUW,1600,1
OUDENAKEN,1600,1
VLEZENBEEK,1602,1
DROGENBOS,1620,1
LINKEBEEK,1630,1
RHODE-SAINT-GENÈSE,1640,1
BEERSEL,1650,1
LOT,1651,1
ALSEMBERG,1652,1
DWORP,1653,1
HUIZINGEN,1654,1
HEIKRUIS,1670,1
PEPINGEN,1670,1
BOGAARDEN,1670,1
ELINGEN,1671,1
BEERT,1673,1
BELLINGEN,1674,1
SINT-ULRIKS-KAPELLE,1700,1
SINT-MARTENS-BODEGEM,1700,1
DILBEEK,1700,1
ITTERBEEK,1701,1
GROOT-BIJGAARDEN,1702,1
SCHEPDAAL,1703,1
KOBBEGEM,1730,1
ASSE,1730,1
MOLLEM,1730,1
BEKKERZEEL,1730,1
RELEGEM,1731,1
ZELLIK,1731,1
TERNAT,1740,1
WAMBEEK,1741,1
SINT-KATHERINA-LOMBEEK,1742,1
MAZENZELE,1745,1
OPWIJK,1745,1
SINT-MARTENS-LENNIK,1750,1
LENNIK,1750,1
GAASBEEK,1750,1
SINT-KWINTENS-LENNIK,1750,1
LEERBEEK,1755,1
OETINGEN,1755,1
KESTER,1755,1
GOOIK,1755,1
PAMEL,1760,1
STRIJTEM,1760,1
ONZE-LIEVE-VROUW-LOMBEEK,1760,1
ROOSDAAL,1760,1
BORCHTLOMBEEK,1761,1
LIEDEKERKE,1770,1
WEMMEL,1780,1
BRUSSEGEM,1785,1
MERCHTEM,1785,1
TERALFENE,1790,1
HEKELGEM,1790,1
AFFLIGEM,1790,1
ESSENE,1790,1
VILVOORDE,1800,1
PEUTIE,1800,1
MELSBROEK,1820,1
STEENOKKERZEEL,1820,1
PERK,1820,1
DIEGEM,1831,1
MALDEREN,1840,1
LONDERZEEL,1840,1
STEENHUFFEL,1840,1
GRIMBERGEN,1850,1
HUMBEEK,1851,1
BEIGEM,1852,1
STROMBEEK-BEVER,1853,1
MEISE,1860,1
WOLVERTEM,1861,1
NIEUWENRODE,1880,1
KAPELLE-OP-DEN-BOS,1880,1
RAMSDONK,1880,1
KAMPENHOUT,1910,1
BUKEN,1910,1
NEDEROKKERZEEL,1910,1
NOSSEGEM,1930,1
ZAVENTEM,1930,1
SINT-STEVENS-WOLUWE,1932,1
STERREBEEK,1933,1
KRAAINEM,1950,1
WEZEMBEEK-OPPEM,1970,1
EPPEGEM,1980,1
ZEMST,1980,1
ELEWIJT,1982,1
WEERDE,1982,1
HEVERLEE,3001,1
KESSEL LO,3010,1
WILSELE,3012,1
WIJGMAAL,3018,1
VELTEM-BEISEM,3020,1
WINKSELE,3020,1
HERENT,3020,1
SINT-AGATHA-RODE,3040,1
NEERIJSE,3040,1
OTTENBURG,3040,1
LOONBEEK,3040,1
HULDENBERG,3040,1
OUD-HEVERLEE,3050,1
SINT-JORIS-WEERT,3051,1
BLANDEN,3052,1
HAASRODE,3053,1
VAALBEEK,3054,1
KORBEEK-DIJLE,3060,1
BERTEM,3060,1
LEEFDAAL,3061,1
KORTENBERG,3070,1
ERPS-KWERPS,3071,1
EVERBERG,3078,1
MEERBEEK,3078,1
DUISBURG,3080,1
TERVUREN,3080,1
VOSSEM,3080,1
OVERIJSE,3090,1
ROTSELAAR,3110,1
WEZEMAAL,3111,1
WERCHTER,3118,1
TREMELO,3120,1
BAAL,3128,1
BEGIJNENDIJK,3130,1
BETEKOM,3130,1
KEERBERGEN,3140,1
TILDONK,3150,1
HAACHT,3150,1
WESPELAAR,3150,1
BOORTMEERBEEK,3190,1
HEVER,3191,1
AARSCHOT,3200,1
GELRODE,3200,1
LANGDORP,3201,1
RILLAAR,3202,1
LUBBEEK,3210,1
LINDEN,3210,1
BINKOM,3211,1
PELLENBERG,3212,1
SINT-PIETERS-RODE,3220,1
KORTRIJK-DUTSEL,3220,1
HOLSBEEK,3220,1
NIEUWRODE,3221,1
SCHERPENHEUVEL,3270,1
SCHERPENHEUVEL-ZICHEM,3270,1
ZICHEM,3271,1
AVERBODE,3271,1
MESSELBROEK,3272,1
TESTELT,3272,1
DIEST,3290,1
WEBBEKOM,3290,1
SCHAFFEN,3290,1
KAGGEVINNE,3293,1
MOLENSTEDE,3294,1
KUMTICH,3300,1
TIENEN,3300,1
HAKENDOVER,3300,1
BOST,3300,1
OPLINTER,3300,1
OORBEEK,3300,1
GOETSENHOVEN,3300,1
VISSENAKEN,3300,1
HOEGAARDEN,3320,1
OUTGAARDEN,3321,1
WOMMERSOM,3350,1
LINTER,3350,1
DRIESLINTER,3350,1
MELKWEZER,3350,1
NEERHESPEN,3350,1
OVERHESPEN,3350,1
NEERLINTER,3350,1
ORSMAAL-GUSSENHOVEN,3350,1
BIERBEEK,3360,1
LOVENJOEL,3360,1
KORBEEK-LO,3360,1
OPVELP,3360,1
NEERVELP,3370,1
ROOSBEEK,3370,1
WILLEBRINGEN,3370,1
KERKOM,3370,1
VERTRIJK,3370,1
BOUTERSEM,3370,1
GLABBEEK,3380,1
BUNSBEEK,3380,1
ATTENRODE,3384,1
SINT-JORIS-WINGE,3390,1
HOUWAART,3390,1
TIELT-WINGE,3390,1
MEENSEL-KIEZEGEM,3391,1
RUMSDORP,3400,1
NEERWINDEN,3400,1
WANGE,3400,1
OVERWINDEN,3400,1
ELIKSEM,3400,1
EZEMAAL,3400,1
LAAR,3400,1
LANDEN,3400,1
WEZEREN,3401,1
WALSHOUTEM,3401,1
WALSBETS,3401,1
WAASMONT,3401,1
NEERLANDEN,3404,1
ATTENHOVEN,3404,1
ZOUTLEEUW,3440,1
BUDINGEN,3440,1
HELEN-BOS,3440,1
DORMAAL,3440,1
HALLE-BOOIENHOVEN,3440,1
GEETBETS,3450,1
GRAZEN,3450,1
RUMMEN,3454,1
BEKKEVOORT,3460,1
ASSENT,3460,1
MOLENBEEK-WERSBEEK,3461,1
KORTENAKEN,3470,1
RANSBERG,3470,1
HOELEDEN,3471,1
KERSBEEK-MISKOM,3472,1
WAANRODE,3473,1
SINT-LAMBRECHTS-HERK,3500,1
WIMMERTINGEN,3501,1
KERMT,3510,1
SPALBEEK,3510,1
KURINGEN,3511,1
STOKROOIE,3511,1
STEVOORT,3512,1
ZONHOVEN,3520,1
HELCHTEREN,3530,1
HOUTHALEN,3530,1
HOUTHALEN-HELCHTEREN,3530,1
HERK-DE-STAD,3540,1
BERBROEK,3540,1
DONK,3540,1
SCHULEN,3540,1
LOKSBERGEN,3545,1
ZELEM,3545,1
HALEN,3545,1
ZOLDER,3550,1
HEUSDEN-ZOLDER,3550,1
LUMMEN,3560,1
LINKHOUT,3560,1
ALKEN,3570,1
BERINGEN,3580,1
BEVERLO,3581,1
KOERSEL,3582,1
PAAL,3583,1
DIEPENBEEK,3590,1
NEERHAREN,3620,1
GELLIK,3620,1
VELDWEZELT,3620,1
LANAKEN,3620,1
REKEM,3621,1
MEESWIJK,3630,1
OPGRIMBIE,3630,1
MECHELEN-AAN-DE-MAAS,3630,1
LEUT,3630,1
VUCHT,3630,1
MAASMECHELEN,3630,1
EISDEN,3630,1
UIKHOVEN,3631,1
BOORSEM,3631,1
KESSENICH,3640,1
MOLENBEERSEL,3640,1
OPHOVEN,3640,1
KINROOI,3640,1
DILSEN-STOKKEM,3650,1
ELEN,3650,1
STOKKEM,3650,1
DILSEN,3650,1
LANKLAAR,3650,1
ROTEM,3650,1
OPGLABBEEK,3660,1
AS,3665,1
NIEL-BIJ-AS,3668,1
NEERGLABBEEK,3670,1
OUDSBERGEN,3670,1
MEEUWEN,3670,1
ELLIKOM,3670,1
GRUITRODE,3670,1
WIJSHAGEN,3670,1
MAASEIK,3680,1
OPOETEREN,3680,1
NEEROETEREN,3680,1
ZUTENDAAL,3690,1
HENIS,3700,1
PIRINGEN,3700,1
VREREN,3700,1
WIDOOIE,3700,1
OVERREPEN,3700,1
DIETS-HEUR,3700,1
RIKSINGEN,3700,1
KONINKSEM,3700,1
NEERREPEN,3700,1
RUTTEN,3700,1
LAUW,3700,1
TONGEREN,3700,1
NEREM,3700,1
'S HERENELDEREN,3700,1
MAL,3700,1
SLUIZEN,3700,1
HERSTAPPE,3717,1
KORTESSEM,3720,1
VLIERMAALROOT,3721,1
WINTERSHOVEN,3722,1
GUIGOVEN,3723,1
VLIERMAAL,3724,1
ROMERSHOVEN,3730,1
SINT-HUIBRECHTS-HERN,3730,1
WERM,3730,1
HOESELT,3730,1
SCHALKHOVEN,3732,1
HEES,3740,1
RIJKHOVEN,3740,1
BILZEN,3740,1
MUNSTERBILZEN,3740,1
GROTE-SPOUWEN,3740,1
KLEINE-SPOUWEN,3740,1
WALTWILDER,3740,1
EIGENBILZEN,3740,1
MOPERTINGEN,3740,1
BEVERST,3740,1
ROSMEER,3740,1
MARTENSLINDE,3742,1
HOELBEEK,3746,1
VLIJTINGEN,3770,1
MEMBRUGGEN,3770,1
HERDEREN,3770,1
ZICHEN-ZUSSEN-BOLDER,3770,1
RIEMST,3770,1
MILLEN,3770,1
VAL-MEER,3770,1
GENOELSELDEREN,3770,1
KANNE,3770,1
VROENHOVEN,3770,1
MOULAND,3790,1
FOURONS,3790,1
FOURON-SAINT-MARTIN,3790,1
REMERSDAAL,3791,1
FOURON-SAINT-PIERRE,3792,1
TEUVEN,3793,1
FOURON-LE-COMTE,3798,1
GELINDEN,3800,1
ZEPPEREN,3800,1
HALMAAL,3800,1
BRUSTEM,3800,1
ORDINGEN,3800,1
ENGELMANSHOVEN,3800,1
KERKOM-BIJ-SINT-TRUIDEN,3800,1
GROOT-GELMEN,3800,1
SINT-TRUIDEN,3800,1
DURAS,3803,1
WILDEREN,3803,1
GORSEM,3803,1
RUNKELEN,3803,1
VELM,3806,1
WELLEN,3830,1
BERLINGEN,3830,1
HERTEN,3831,1
ULBEEK,3832,1
KUTTEKOVEN,3840,1
HOEPERTINGEN,3840,1
GORS-OPLEEUW,3840,1
GOTEM,3840,1
KERNIEL,3840,1
RIJKEL,3840,1
HENDRIEKEN,3840,1
GROOT-LOON,3840,1
VOORT,3840,1
JESSEREN,3840,1
BORGLOON,3840,1
BROEKOM,3840,1
BOMMERSHOVEN,3840,1
WIJER,3850,1
BINDERVELD,3850,1
KOZEN,3850,1
BATSHEERS,3870,1
MECHELEN-BOVELINGEN,3870,1
KLEIN-GELMEN,3870,1
BOVELINGEN,3870,1
OPHEERS,3870,1
METTEKOVEN,3870,1
HEERS,3870,1
VECHMAAL,3870,1
HEKS,3870,1
GUTSHOVEN,3870,1
RUKKELINGEN-LOON,3870,1
VEULEN,3870,1
HORPMAAL,3870,1
GINGELOM,3890,1
MONTENAKEN,3890,1
JEUK,3890,1
BOEKHOUT,3890,1
KORTIJS,3890,1
NIEL-BIJ-SINT-TRUIDEN,3890,1
VORSEN,3890,1
MIELEN-BOVEN-AALST,3891,1
BUVINGEN,3891,1
BORLO,3891,1
PELT,3900,1
OVERPELT,3900,1
NEERPELT,3910,1
SINT-HUIBRECHTS-LILLE,3910,1
LOMMEL,3920,1
HAMONT-ACHEL,3930,1
HAMONT,3930,1
ACHEL,3930,1
HECHTEL,3940,1
HECHTEL-EKSEL,3940,1
EKSEL,3941,1
HAM,3945,1
KWAADMECHELEN,3945,1
OOSTHAM,3945,1
REPPEL,3950,1
KAULILLE,3950,1
BOCHOLT,3950,1
OPITTER,3960,1
BREE,3960,1
BEEK,3960,1
GERDINGEN,3960,1
LEOPOLDSBURG,3970,1
HEPPEN,3971,1
TESSENDERLO,3980,1
PEER,3990,1
WIJCHMAAL,3990,1
KLEINE-BROGEL,3990,1
GROTE-BROGEL,3990,1
MARIAKERKE,9030,1
DRONGEN,9031,1
WONDELGEM,9032,1
SINT-AMANDSBERG,9040,1
OOSTAKKER,9041,1
MENDONK,9042,1
SINT-KRUIS-WINKEL,9042,1
DESTELDONK,9042,1
LEDEBERG,9050,1
GENTBRUGGE,9050,1
AFSNEE,9051,1
SINT-DENIJS-WESTREM,9051,1
ZWIJNAARDE,9052,1
ZELZATE,9060,1
DESTELBERGEN,9070,1
BEERVELDE,9080,1
ZEVENEKEN,9080,1
ZAFFELARE,9080,1
LOCHRISTI,9080,1
GONTRODE,9090,1
MELLE,9090,1
NIEUWKERKEN-WAAS,9100,1
BELSELE,9111,1
SINAAI-WAAS,9112,1
MELSELE,9120,1
BEVEREN-WAAS,9120,1
VRASENE,9120,1
HAASDONK,9120,1
KIELDRECHT,9130,1
VERREBROEK,9130,1
DOEL,9130,1
STEENDORP,9140,1
TEMSE,9140,1
TIELRODE,9140,1
ELVERSELE,9140,1
BAZEL,9150,1
RUPELMONDE,9150,1
KRUIBEKE,9150,1
EKSAARDE,9160,1
DAKNAM,9160,1
LOKEREN,9160,1
MEERDONK,9170,1
SINT-PAUWELS,9170,1
SINT-GILLIS-WAAS,9170,1
DE KLINGE,9170,1
MOERBEKE-WAAS,9180,1
WACHTEBEKE,9185,1
KEMZEKE,9190,1
STEKENE,9190,1
SCHOONAARDE,9200,1
GREMBERGEN,9200,1
APPELS,9200,1
DENDERMONDE,9200,1
BAASRODE,9200,1
MESPELARE,9200,1
SINT-GILLIS-DENDERMONDE,9200,1
OUDEGEM,9200,1
MOERZEKE,9220,1
MASSEMEN,9230,1
WESTREM,9230,1
WETTEREN,9230,1
ZELE,9240,1
WAASMUNSTER,9250,1
OPDORP,9255,1
BUGGENHOUT,9255,1
SERSKAMP,9260,1
SCHELLEBELLE,9260,1
WICHELEN,9260,1
LAARNE,9270,1
KALKEN,9270,1
LEBBEKE,9280,1
WIEZE,9280,1
DENDERBELLE,9280,1
UITBERGEN,9290,1
BERLARE,9290,1
OVERMERE,9290,1
GIJZEGEM,9308,1
MOORSEL,9310,1
HERDERSEM,9310,1
BAARDEGEM,9310,1
EREMBODEGEM,9320,1
OORDEGEM,9340,1
SMETLEDE,9340,1
LEDE,9340,1
IMPE,9340,1
WANZELE,9340,1
OKEGEM,9400,1
NEDERHASSELT,9400,1
APPELTERRE-EICHEM,9400,1
DENDERWINDEKE,9400,1
VOORDE,9400,1
LIEFERINGE,9400,1
NINOVE,9400,1
POLLARE,9401,1
MEERBEKE,9402,1
NEIGEM,9403,1
ASPELARE,9404,1
OUTER,9406,1
MERE,9420,1
ERPE-MERE,9420,1
ERPE,9420,1
VLEKKEM,9420,1
ERONDEGEM,9420,1
OTTERGEM,9420,1
BAMBRUGGE,9420,1
AAIGEM,9420,1
BURST,9420,1
DENDERHOUTEM,9450,1
HELDERGEM,9450,1
HAALTERT,9450,1
KERKSKEN,9451,1
DENDERLEEUW,9470,1
IDDERGEM,9472,1
WELLE,9473,1
ZARLARDINGE,9500,1
GERAARDSBERGEN,9500,1
MOERBEKE,9500,1
ONKERZELE,9500,1
GOEFERDINGE,9500,1
OVERBOELARE,9500,1
VIANE,9500,1
OPHASSELT,9500,1
NEDERBOELARE,9500,1
SCHENDELBEKE,9506,1
ZANDBERGEN,9506,1
NIEUWENHOVE,9506,1
IDEGEM,9506,1
GRIMMINGE,9506,1
WAARBEKE,9506,1
SMEEREBBE-VLOERZEGEM,9506,1
BAVEGEM,9520,1
VLIERZELE,9520,1
SINT-LIEVENS-HOUTEM,9520,1
ZONNEGEM,9520,1
LETTERHOUTEM,9521,1
SINT-LIEVENS-ESSE,9550,1
HERZELE,9550,1
WOUBRECHTEGEM,9550,1
HILLEGEM,9550,1
STEENHUIZE-WIJNHUIZE,9550,1
SINT-ANTELINKS,9550,1
RESSEGEM,9551,1
BORSBEKE,9552,1
SINT-MARIA-LIERDE,9570,1
LIERDE,9570,1
DEFTINGE,9570,1
HEMELVEERDEGEM,9571,1
SINT-MARTENS-LIERDE,9572,1
RENAIX,9600,1
SINT-GORIKS-OUDENHOVE,9620,1
GROTENBERGE,9620,1
LEEUWERGEM,9620,1
ZOTTEGEM,9620,1
ELENE,9620,1
STRIJPEN,9620,1
GODVEERDEGEM,9620,1
VELZEKE-RUDDERSHOVE,9620,1
ERWETEGEM,9620,1
HUNDELGEM,9630,1
MUNKZWALM,9630,1
ROBORST,9630,1
DIKKELE,9630,1
ZWALM,9630,1
PAULATEM,9630,1
BEERLEGEM,9630,1
ROZEBEKE,9630,1
MEILEGEM,9630,1
SINT-MARIA-LATEM,9630,1
SINT-DENIJS-BOEKEL,9630,1
SINT-BLASIUS-BOEKEL,9630,1
NEDERZWALM-HERMELGEM,9636,1
OPBRAKEL,9660,1
EVERBEEK,9660,1
ZEGELSEM,9660,1
ELST,9660,1
NEDERBRAKEL,9660,1
BRAKEL,9660,1
MICHELBEKE,9660,1
PARIKE,9661,1
HOREBEKE,9667,1
SINT-KORNELIS-HOREBEKE,9667,1
SINT-MARIA-HOREBEKE,9667,1
MAARKEDAL,9680,1
ETIKHOVE,9680,1
MAARKE-KERKEM,9680,1
NUKERKE,9681,1
SCHORISSE,9688,1
RUIEN,9690,1
ZULZEKE,9690,1
KWAREMONT,9690,1
KLUISBERGEN,9690,1
VOLKEGEM,9700,1
OUDENAARDE,9700,1
HEURNE,9700,1
LEUPEGEM,9700,1
MULLEM,9700,1
NEDERENAME,9700,1
ENAME,9700,1
EINE,9700,1
BEVERE,9700,1
MELDEN,9700,1
MATER,9700,1
WELDEN,9700,1
EDELARE,9700,1
OUWEGEM,9750,1
ZINGEM,9750,1
HUISE,9750,1
KRUISEM,9770,1
KRUISHOUTEM,9770,1
NOKERE,9771,1
WANNEGEM-LEDE,9772,1
ELSEGEM,9790,1
WORTEGEM-PETEGEM,9790,1
PETEGEM-AAN-DE-SCHELDE,9790,1
MOREGEM,9790,1
WORTEGEM,9790,1
BACHTE-MARIA-LEERNE,9800,1
GOTTEM,9800,1
PETEGEM-AAN-DE-LEIE,9800,1
MEIGEM,9800,1
VINKT,9800,1
ASTENE,9800,1
GRAMMENE,9800,1
SINT-MARTENS-LEERNE,9800,1
ZEVEREN,9800,1
DEINZE,9800,1
WONTERGEM,9800,1
EKE,9810,1
NAZARETH,9810,1
MUNTE,9820,1
MERELBEKE,9820,1
MELSEN,9820,1
LEMBERGE,9820,1
SCHELDERODE,9820,1
BOTTELARE,9820,1
SINT-MARTENS-LATEM,9830,1
DEURLE,9831,1
ZEVERGEM,9840,1
DE PINTE,9840,1
LANDEGEM,9850,1
VOSSELARE,9850,1
POESELE,9850,1
MERENDREE,9850,1
HANSBEKE,9850,1
NEVELE,9850,1
OOSTERZELE,9860,1
LANDSKOUTER,9860,1
GIJZENZELE,9860,1
SCHELDEWINDEKE,9860,1
MOORTSELE,9860,1
BALEGEM,9860,1
ZULTE,9870,1
OLSENE,9870,1
LOTENHULLE,9880,1
POEKE,9880,1
AALTER,9880,1
BELLEM,9881,1
DIKKELVENNE,9890,1
GAVERE,9890,1
VURSTE,9890,1
BAAIGEM,9890,1
SEMMERZAKE,9890,1
ASPER,9890,1
EEKLO,9900,1
KNESSELARE,9910,1
URSEL,9910,1
LOVENDEGEM,9920,1
VINDERHOUTE,9921,1
LIEVEGEM,9930,1
ZOMERGEM,9930,1
OOSTWINKEL,9931,1
RONSELE,9932,1
ERTVELDE,9940,1
EVERGEM,9940,1
SLEIDINGE,9940,1
KLUIZEN,9940,1
WAARSCHOOT,9950,1
ASSENEDE,9960,1
BOEKHOUTE,9961,1
OOSTEEKLO,9968,1
BASSEVELDE,9968,1
KAPRIJKE,9970,1
LEMBEKE,9971,1
SINT-LAUREINS,9980,1
SINT-MARGRIETE,9981,1
SINT-JAN-IN-EREMO,9982,1
WATERVLIET,9988,1
WATERLAND-OUDEMAN,9988,1
MALDEGEM,9990,1
ADEGEM,9991,1
MIDDELBURG,9992,1
KOOLKERKE,8000,1
HERTSBERGE,8020,1
RUDDERVOORDE,8020,1
OOSTKAMP,8020,1
WAARDAMME,8020,1
SINT-MICHIELS,8200,1
SINT-ANDRIES,8200,1
VELDEGEM,8210,1
LOPPEM,8210,1
ZEDELGEM,8210,1
AARTRIJKE,8211,1
KNOKKE,8300,1
WESTKAPELLE,8300,1
KNOKKE-HEIST,8300,1
HEIST-AAN-ZEE,8301,1
ASSEBROEK,8310,1
SINT-KRUIS,8310,1
MOERKERKE,8340,1
LAPSCHEURE,8340,1
SIJSELE,8340,1
HOEKE,8340,1
DAMME,8340,1
BLANKENBERGE,8370,1
UITKERKE,8370,1
HOUTAVE,8377,1
MEETKERKE,8377,1
NIEUWMUNSTER,8377,1
ZUIENKERKE,8377,1
ZEEBRUGGE,8380,1
DUDZELE,8380,1
LISSEWEGE,8380,1
STENE,8400,1
WENDUINE,8420,1
KLEMSKERKE,8420,1
DE HAAN,8420,1
VLISSEGEM,8421,1
MIDDELKERKE,8430,1
WILSKERKE,8431,1
LEFFINGE,8432,1
SCHORE,8433,1
SLIJPE,8433,1
MANNEKENSVERE,8433,1
LOMBARDSIJDE,8434,1
WESTENDE,8434,1
BREDENE,8450,1
WESTKERKE,8460,1
ETTELGEM,8460,1
ROKSEM,8460,1
OUDENBURG,8460,1
SNAASKERKE,8470,1
GISTEL,8470,1
MOERE,8470,1
ZEVEKOTE,8470,1
ICHTEGEM,8480,1
EERNEGEM,8480,1
BEKEGEM,8480,1
JABBEKE,8490,1
SNELLEGEM,8490,1
STALHILLE,8490,1
ZERKEGEM,8490,1
VARSENARE,8490,1
BISSEGEM,8501,1
HEULE,8501,1
KOOIGEM,8510,1
BELLEGEM,8510,1
MARKE,8510,1
ROLLEGEM,8510,1
AALBEKE,8511,1
KUURNE,8520,1
HARELBEKE,8530,1
HULSTE,8531,1
BAVIKHOVE,8531,1
DEERLIJK,8540,1
ZWEVEGEM,8550,1
HEESTERT,8551,1
MOEN,8552,1
OTEGEM,8553,1
SINT-DENIJS,8554,1
MOORSELE,8560,1
WEVELGEM,8560,1
GULLEGEM,8560,1
VICHTE,8570,1
INGOOIGEM,8570,1
GIJZELBRECHTEGEM,8570,1
ANZEGEM,8570,1
KASTER,8572,1
TIEGEM,8573,1
AVELGEM,8580,1
KERKHOVE,8581,1
WAARMAARDE,8581,1
OUTRIJVE,8582,1
BOSSUIT,8583,1
ESPIERRES-HELCHIN,8587,1
HELCHIN,8587,1
ESPIERRES,8587,1
SINT-JACOBS-KAPELLE,8600,1
DRIEKAPELLEN,8600,1
DIKSMUIDE,8600,1
OUDEKAPELLE,8600,1
LEKE,8600,1
LAMPERNISSE,8600,1
NIEUWKAPELLE,8600,1
PERVIJZE,8600,1
KEIEM,8600,1
STUIVEKENSKERKE,8600,1
VLADSLO,8600,1
ESEN,8600,1
BEERST,8600,1
WOUMEN,8600,1
KAASKERKE,8600,1
HANDZAME,8610,1
KORTEMARK,8610,1
ZARREN,8610,1
WERKEN,8610,1
NIEUWPOORT,8620,1
VINKEM,8630,1
VEURNE,8630,1
AVEKAPELLE,8630,1
DE MOEREN,8630,1
WULVERINGEM,8630,1
HOUTEM,8630,1
ZOUTENAAIE,8630,1
STEENKERKE,8630,1
EGGEWAARTSKAPELLE,8630,1
BOOITSHOEKE,8630,1
BULSKAMP,8630,1
WESTVLETEREN,8640,1
WOESTEN,8640,1
VLETEREN,8640,1
OOSTVLETEREN,8640,1
NOORDSCHOTE,8647,1
LO,8647,1
LO-RENINGE,8647,1
RENINGE,8647,1
POLLINKHOVE,8647,1
HOUTHULST,8650,1
KLERKEN,8650,1
MERKEM,8650,1
ADINKERKE,8660,1
DE PANNE,8660,1
OOSTDUINKERKE,8670,1
WULPEN,8670,1
KOKSIJDE,8670,1
ZANDE,8680,1
BOVEKERKE,8680,1
KOEKELARE,8680,1
HOOGSTADE,8690,1
ALVERINGEM,8690,1
SINT-RIJKERS,8690,1
OEREN,8690,1
STAVELE,8691,1
IZENBERGE,8691,1
LEISELE,8691,1
BEVEREN-AAN-DE-IJZER,8691,1
GIJVERINKHOVE,8691,1
AARSELE,8700,1
SCHUIFERSKAPELLE,8700,1
KANEGEM,8700,1
OOIGEM,8710,1
WIELSBEKE,8710,1
SINT-BAAFS-VIJVE,8710,1
DENTERGEM,8720,1
OESELGEM,8720,1
MARKEGEM,8720,1
WAKKEN,8720,1
OEDELEM,8730,1
BEERNEM,8730,1
PITTEM,8740,1
EGEM,8740,1
ZWEVEZELE,8750,1
WINGENE,8750,1
RUISELEDE,8755,1
MEULEBEKE,8760,1
INGELMUNSTER,8770,1
OOSTROZEBEKE,8780,1
WAREGEM,8790,1
DESSELGEM,8792,1
SINT-ELOOIS-VIJVE,8793,1
RUMBEKE,8800,1
OEKENE,8800,1
LICHTERVELDE,8810,1
TORHOUT,8820,1
HOOGLEDE,8830,1
GITS,8830,1
STADEN,8840,1
OOSTNIEUWKERKE,8840,1
WESTROZEBEKE,8840,1
ARDOOIE,8850,1
KOOLSKAMP,8851,1
LENDELEDE,8860,1
KACHTEM,8870,1
IZEGEM,8870,1
EMELGEM,8870,1
SINT-ELOOIS-WINKEL,8880,1
LEDEGEM,8880,1
ROLLEGEM-KAPELLE,8880,1
MOORSLEDE,8890,1
DADIZELE,8890,1
BRIELEN,8900,1
SINT-JAN,8900,1
IEPER,8900,1
DIKKEBUS,8900,1
VOORMEZELE,8902,1
ZILLEBEKE,8902,1
HOLLEBEKE,8902,1
BOEZINGE,8904,1
ZUIDSCHOTE,8904,1
ELVERDINGE,8906,1
VLAMERTINGE,8908,1
LANGEMARK-POELKAPELLE,8920,1
BIKSCHOTE,8920,1
LANGEMARK,8920,1
POELKAPELLE,8920,1
LAUWE,8930,1
REKKEM,8930,1
MENEN,8930,1
GELUWE,8940,1
WERVIK,8940,1
HEUVELLAND,8950,1
NIEUWKERKE,8950,1
DRANOUTER,8951,1
WULVERGEM,8952,1
WIJTSCHATE,8953,1
WESTOUTER,8954,1
KEMMEL,8956,1
MESSINES,8957,1
LOKER,8958,1
RENINGELST,8970,1
POPERINGE,8970,1
ROESBRUGGE-HARINGE,8972,1
PROVEN,8972,1
KROMBEKE,8972,1
WATOU,8978,1
PASSENDALE,8980,1
GELUVELD,8980,1
BESELARE,8980,1
ZONNEBEKE,8980,1
LIMAL,1300,1
WAVRE,1300,1
BIERGES,1301,1
LA HULPE,1310,1
PIÉTREBAIS,1315,1
INCOURT,1315,1
ROUX-MIROIR,1315,1
OPPREBAIS,1315,1
GLIMES,1315,1
NODEBAIS,1320,1
BEAUVECHAIN,1320,1
HAMME-MILLE,1320,1
L'ECLUSE,1320,1
TOURINNES-LA-GROSSE,1320,1
LONGUEVILLE,1325,1
CORROY-LE-GRAND,1325,1
BONLEZ,1325,1
DION-VALMONT,1325,1
CHAUMONT-GISTOUX,1325,1
RIXENSART,1330,1
ROSIÈRES,1331,1
GENVAL,1332,1
OTTIGNIES,1340,1
OTTIGNIES-LOUVAIN-LA-NEUVE,1340,1
CÉROUX-MOUSTY,1341,1
LIMELETTE,1342,1
NODUWEZ,1350,1
ORP-LE-GRAND,1350,1
JANDRAIN-JANDRENOUILLE,1350,1
MARILLES,1350,1
FOLX-LES-CAVES,1350,1
JAUCHE,1350,1
ORP-JAUCHE,1350,1
ENINES,1350,1
OPHEYLISSEM,1357,1
NEERHEYLISSEM,1357,1
LINSMEAU,1357,1
HÉLÉCINE,1357,1
PERWEZ,1360,1
THOREMBAIS-SAINT-TROND,1360,1
ORBAIS,1360,1
THOREMBAIS-LES-BÉGUINES,1360,1
MALÈVES-SAINTE-MARIE-WASTINNES,1360,1
HUPPAYE,1367,1
AUTRE-EGLISE,1367,1
RAMILLIES,1367,1
GÉROMPONT,1367,1
GRAND-ROSIÈRE-HOTTOMONT,1367,1
BOMAL,1367,1
MONT-SAINT-ANDRÉ,1367,1
GEEST-GÉROMPONT-PETIT-ROSIÈRE,1367,1
PIÉTRAIN,1370,1
JAUCHELETTE,1370,1
JODOIGNE,1370,1
JODOIGNE-SOUVERAINE,1370,1
ZÉTRUD-LUMAY,1370,1
LATHUY,1370,1
MÉLIN,1370,1
SAINT-REMY-GEEST,1370,1
SAINT-JEAN-GEEST,1370,1
DONGELBERG,1370,1
LASNE,1380,1
OHAIN,1380,1
PLANCENOIT,1380,1
LASNE-CHAPELLE-SAINT-LAMBERT,1380,1
MARANSART,1380,1
COUTURE-SAINT-GERMAIN,1380,1
BIEZ,1390,1
BOSSUT-GOTTECHAIN,1390,1
NETHEN,1390,1
ARCHENNES,1390,1
GREZ-DOICEAU,1390,1
MONSTREUX,1400,1
NIVELLES,1400,1
BAULERS,1401,1
THINES,1402,1
BORNIVAL,1404,1
BRAINE-L'ALLEUD,1420,1
OPHAIN-BOIS-SEIGNEUR-ISAAC,1421,1
LILLOIS-WITTERZÉE,1428,1
BIERGHES,1430,1
REBECQ,1430,1
REBECQ-ROGNON,1430,1
QUENAST,1430,1
MONT-SAINT-GUIBERT,1435,1
CORBAIS,1435,1
HÉVILLERS,1435,1
WAUTHIER-BRAINE,1440,1
BRAINE-LE-CHÂTEAU,1440,1
GENTINNES,1450,1
CHASTRE,1450,1
CORTIL-NOIRMONT,1450,1
SAINT-GÉRY,1450,1
CHASTRE-VILLEROUX-BLANMONT,1450,1
WALHAIN,1457,1
TOURINNES-SAINT-LAMBERT,1457,1
WALHAIN-SAINT-PAUL,1457,1
NIL-SAINT-VINCENT-SAINT-MARTIN,1457,1
ITTRE,1460,1
VIRGINAL-SAMME,1460,1
HAUT-ITTRE,1461,1
BOUSVAL,1470,1
BAISY-THY,1470,1
GENAPPE,1470,1
LOUPOIGNE,1471,1
VIEUX-GENAPPE,1472,1
GLABAIS,1473,1
WAYS,1474,1
HOUTAIN-LE-VAL,1476,1
OISQUERCQ,1480,1
SAINTES,1480,1
CLABECQ,1480,1
TUBIZE,1480,1
COURT-SAINT-ETIENNE,1490,1
VILLERS-LA-VILLE,1495,1
SART-DAMES-AVELINES,1495,1
MELLERY,1495,1
MARBAIS,1495,1
TILLY,1495,1
MARCINELLE,6001,1
COUILLET,6010,1
DAMPREMY,6020,1
MARCHIENNE-AU-PONT,6030,1
GOUTROUX,6030,1
MONCEAU-SUR-SAMBRE,6031,1
MONT-SUR-MARCHIENNE,6032,1
JUMET,6040,1
GOSSELIES,6041,1
LODELINSART,6042,1
RANSART,6043,1
ROUX,6044,1
GILLY,6060,1
MONTIGNIES-SUR-SAMBRE,6061,1
MONTIGNY-LE-TILLEUL,6110,1
LANDELIES,6111,1
MARBAIX,6120,1
JAMIOULX,6120,1
NALINNES,6120,1
HAM-SUR-HEURE,6120,1
COUR-SUR-HEURE,6120,1
FONTAINE-L'EVÊQUE,6140,1
FORCHIES-LA-MARCHE,6141,1
LEERNES,6142,1
ANDERLUES,6150,1
COURCELLES,6180,1
GOUY-LEZ-PIÉTON,6181,1
SOUVRET,6182,1
TRAZEGNIES,6183,1
BOUFFIOULX,6200,1
CHÂTELET,6200,1
CHÂTELINEAU,6200,1
VILLERS-PERWIN,6210,1
LES BONS VILLERS,6210,1
WAYAUX,6210,1
RÈVES,6210,1
FRASNES-LEZ-GOSSELIES,6210,1
MELLET,6211,1
FLEURUS,6220,1
HEPPIGNIES,6220,1
LAMBUSART,6220,1
WANGENIES,6220,1
SAINT-AMAND,6221,1
BRYE,6222,1
WAGNELÉE,6223,1
WANFERCÉE-BAULET,6224,1
THIMÉON,6230,1
PONT-À-CELLES,6230,1
BUZET,6230,1
VIESVILLE,6230,1
OBAIX,6230,1
LUTTRE,6238,1
LIBERCHIES,6238,1
FARCIENNES,6240,1
PIRONCHAMPS,6240,1
AISEAU-PRESLES,6250,1
ROSELIES,6250,1
PRESLES,6250,1
AISEAU,6250,1
PONT-DE-LOUP,6250,1
VILLERS-POTERIE,6280,1
JONCRET,6280,1
LOVERVAL,6280,1
GERPINNES,6280,1
ACOZ,6280,1
GOUGNIES,6280,1
FROIDCHAPELLE,6440,1
FOURBECHIES,6440,1
BOUSSU-LEZ-WALCOURT,6440,1
VERGNIES,6440,1
ERPION,6441,1
ROBECHIES,6460,1
VILLERS-LA-TOUR,6460,1
BAILIÈVRE,6460,1
CHIMAY,6460,1
SALLES,6460,1
VIRELLES,6461,1
VAULX-LEZ-CHIMAY,6462,1
LOMPRET,6463,1
L'ESCAILLÈRE,6464,1
FORGES,6464,1
RIÈZES,6464,1
BAILEUX,6464,1
BOURLERS,6464,1
GRANDRIEU,6470,1
SIVRY-RANCE,6470,1
RANCE,6470,1
SIVRY,6470,1
SAUTIN,6470,1
MONTBLIART,6470,1
RENLIES,6500,1
BEAUMONT,6500,1
LEVAL-CHAUDEVILLE,6500,1
LEUGNIES,6500,1
SOLRE-SAINT-GÉRY,6500,1
THIRIMONT,6500,1
BARBENÇON,6500,1
STRÉE,6511,1
THUIN,6530,1
LEERS-ET-FOSTEAU,6530,1
BIESME-SOUS-THUIN,6531,1
RAGNIES,6532,1
BIERCÉE,6533,1
GOZÉE,6534,1
THUILLIES,6536,1
DONSTIENNES,6536,1
MONT-SAINTE-GENEVIÈVE,6540,1
LOBBES,6540,1
SARS-LA-BUISSIÈRE,6542,1
BIENNE-LEZ-HAPPART,6543,1
GRAND-RENG,6560,1
BERSILLIES-L'ABBAYE,6560,1
MONTIGNIES-SAINT-CHRISTOPHE,6560,1
SOLRE-SUR-SAMBRE,6560,1
ERQUELINNES,6560,1
HANTES-WIHÉRIES,6560,1
LABUISSIÈRE,6567,1
MERBES-LE-CHÂTEAU,6567,1
FONTAINE-VALMONT,6567,1
MERBES-SAINTE-MARIE,6567,1
MOMIGNIES,6590,1
MACON,6591,1
MONCEAU-IMBRECHIES,6592,1
MACQUENOISE,6593,1
BEAUWELZ,6594,1
FORGE-PHILIPPE,6596,1
SELOIGNES,6596,1
GHLIN,7011,1
JEMAPPES,7012,1
FLÉNU,7012,1
NIMY,7020,1
MAISIÈRES,7020,1
HAVRÉ,7021,1
HYON,7022,1
NOUVELLES,7022,1
MESVIN,7022,1
HARMIGNIES,7022,1
HARVENG,7022,1
CIPLY,7024,1
SAINT-SYMPHORIEN,7030,1
VILLERS-SAINT-GHISLAIN,7031,1
SPIENNES,7032,1
CUESMES,7033,1
SAINT-DENIS,7034,1
OBOURG,7034,1
AULNOIS,7040,1
QUÉVY-LE-PETIT,7040,1
QUÉVY,7040,1
QUÉVY-LE-GRAND,7040,1
GOEGNIES-CHAUSSÉE,7040,1
GENLY,7040,1
BLAREGNIES,7040,1
BOUGNIES,7040,1
ASQUILLIES,7040,1
HAVAY,7041,1
GIVRY,7041,1
HERCHIES,7050,1
MASNUY-SAINT-JEAN,7050,1
MASNUY-SAINT-PIERRE,7050,1
JURBISE,7050,1
ERBAUT,7050,1
ERBISOEUL,7050,1
HORRUES,7060,1
SOIGNIES,7060,1
CASTEAU,7061,1
THIEUSIES,7061,1
NAAST,7062,1
CHAUSSÉE-NOTRE-DAME-LOUVIGNIES,7063,1
NEUFVILLES,7063,1
VILLE-SUR-HAINE,7070,1
GOTTIGNIES,7070,1
THIEU,7070,1
LE ROEULX,7070,1
MIGNAULT,7070,1
SARS-LA-BRUYÈRE,7080,1
NOIRCHAIN,7080,1
EUGIES,7080,1
FRAMERIES,7080,1
LA BOUVERIE,7080,1
HENNUYÈRES,7090,1
STEENKERQUE,7090,1
PETIT-ROEULX-LEZ-BRAINE,7090,1
HENRIPONT,7090,1
BRAINE-LE-COMTE,7090,1
RONQUIÈRES,7090,1
HAINE-SAINT-PAUL,7100,1
TRIVIÈRES,7100,1
SAINT-VAAST,7100,1
HAINE-SAINT-PIERRE,7100,1
MAURAGE,7110,1
BOUSSOIT,7110,1
HOUDENG-GOEGNIES,7110,1
STRÉPY-BRACQUEGNIES,7110,1
HOUDENG-AIMERIES,7110,1
FAUROEULX,7120,1
VELLEREILLE-LES-BRAYEUX,7120,1
ROUVEROY,7120,1
VELLEREILLE-LE-SEC,7120,1
ESTINNES-AU-VAL,7120,1
HAULCHIN,7120,1
PEISSANT,7120,1
CROIX-LEZ-ROUVEROY,7120,1
ESTINNES-AU-MONT,7120,1
ESTINNES,7120,1
BATTIGNIES,7130,1
BINCHE,7130,1
BRAY,7130,1
WAUDREZ,7131,1
BUVRINNES,7133,1
RESSAIX,7134,1
EPINOIS,7134,1
LEVAL-TRAHEGNIES,7134,1
PÉRONNES-LEZ-BINCHE,7134,1
MORLANWELZ,7140,1
MORLANWELZ-MARIEMONT,7140,1
MONT-SAINTE-ALDEGONDE,7141,1
CARNIÈRES,7141,1
CHAPELLE-LEZ-HERLAIMONT,7160,1
PIÉTON,7160,1
GODARVILLE,7160,1
LA HESTRE,7170,1
BOIS-D'HAINE,7170,1
MANAGE,7170,1
BELLECOURT,7170,1
FAYT-LEZ-MANAGE,7170,1
SENEFFE,7180,1
ARQUENNES,7181,1
FELUY,7181,1
PETIT-ROEULX-LEZ-NIVELLES,7181,1
FAMILLEUREUX,7181,1
MARCHE-LEZ-ECAUSSINNES,7190,1
ECAUSSINNES,7190,1
ECAUSSINNES-D'ENGHIEN,7190,1
ECAUSSINNES-LALAING,7191,1
BOUSSU,7300,1
HORNU,7301,1
BERNISSART,7320,1
HARCHIES,7321,1
BLATON,7321,1
POMMEROEUL,7322,1
VILLE-POMMEROEUL,7322,1
SAINT-GHISLAIN,7330,1
BAUDOUR,7331,1
NEUFMAISON,7332,1
SIRAULT,7332,1
TERTRE,7333,1
VILLEROT,7334,1
HAUTRAGE,7334,1
COLFONTAINE,7340,1
WARQUIGNIES,7340,1
PÂTURAGES,7340,1
WASMES,7340,1
THULIN,7350,1
HENSIES,7350,1
HAININ,7350,1
MONTROEUL-SUR-HAINE,7350,1
WIHÉRIES,7370,1
ELOUGES,7370,1
BLAUGIES,7370,1
DOUR,7370,1
QUIÉVRAIN,7380,1
BAISIEUX,7380,1
AUDREGNIES,7382,1
ROISIN,7387,1
AUTREPPE,7387,1
ANGREAU,7387,1
ANGRE,7387,1
ERQUENNES,7387,1
ONNEZIES,7387,1
MARCHIPONT,7387,1
FAYT-LE-FRANC,7387,1
MONTIGNIES-SUR-ROC,7387,1
HONNELLES,7387,1
ATHIS,7387,1
WASMUEL,7390,1
QUAREGNON,7390,1
SAINT-MAUR,7500,1
ERE,7500,1
ORCQ,7501,1
ESPLECHIN,7502,1
FROYENNES,7503,1
FROIDMONT,7504,1
WILLEMEAU,7506,1
TEMPLEUVE,7520,1
RAMEGNIES-CHIN,7520,1
CHERCQ,7521,1
LAMAIN,7522,1
MARQUAIN,7522,1
BLANDAIN,7522,1
HERTAIN,7522,1
GAURAIN-RAMECROIX,7530,1
HAVINNES,7531,1
BÉCLERS,7532,1
THIMOUGIES,7533,1
BARRY,7534,1
MAULDE,7534,1
VAULX,7536,1
VEZON,7538,1
RUMILLIES,7540,1
KAIN,7540,1
MELLES,7540,1
QUARTES,7540,1
MONT-SAINT-AUBERT,7542,1
MOURCOURT,7543,1
WARCHIN,7548,1
PÉRUWELZ,7600,1
ROUCOURT,7601,1
BURY,7602,1
BON-SECOURS,7603,1
CALLENELLE,7604,1
WASMES-AUDEMEZ-BRIFFOEIL,7604,1
BRASMÉNIL,7604,1
BAUGNIES,7604,1
BRAFFE,7604,1
WIERS,7608,1
RUMES,7610,1
LA GLANERIE,7611,1
TAINTIGNIES,7618,1
JOLLAIN-MERLIN,7620,1
WEZ-VELVAIN,7620,1
HOLLAIN,7620,1
BLÉHARIES,7620,1
BRUNEHAUT,7620,1
GUIGNIES,7620,1
LESDAIN,7621,1
LAPLAIGNE,7622,1
RONGY,7623,1
HOWARDRIES,7624,1
ANTOING,7640,1
MAUBRAY,7640,1
PÉRONNES-LEZ-ANTOING,7640,1
BRUYELLE,7641,1
CALONNE,7642,1
FONTENOY,7643,1
LUINGNE,7700,1
DOTTIGNIES,7711,1
HERSEAUX,7712,1
ESTAIMPUIS,7730,1
BAILLEUL,7730,1
NÉCHIN,7730,1
ESTAIMBOURG,7730,1
EVREGNIES,7730,1
LEERS-NORD,7730,1
WARCOING,7740,1
PECQ,7740,1
HÉRINNES-LEZ-PECQ,7742,1
OBIGIES,7743,1
ESQUELMES,7743,1
ORROIR,7750,1
AMOUGIES,7750,1
MONT-DE-L'ENCLUS,7750,1
RUSSEIGNIES,7750,1
ANSEROEUL,7750,1
POPUELLES,7760,1
VELAINES,7760,1
ESCANAFFLES,7760,1
POTTES,7760,1
MOLENBAIX,7760,1
COMINES-WARNETON,7780,1
COMINES,7780,1
HOUTHEM,7781,1
PLOEGSTEERT,7782,1
BIZET,7783,1
BAS-WARNETON,7784,1
WARNETON,7784,1
ATH,7800,1
LANQUESAINT,7800,1
IRCHONWELZ,7801,1
ORMEIGNIES,7802,1
BOUVIGNIES,7803,1
REBAIX,7804,1
OSTICHES,7804,1
MAFFLE,7810,1
VILLERS-SAINT-AMAND,7812,1
LIGNE,7812,1
MOULBAIX,7812,1
HOUTAING,7812,1
MAINVAULT,7812,1
VILLERS-NOTRE-DAME,7812,1
GHISLENGHIEN,7822,1
ISIÈRES,7822,1
MESLIN-L'EVÊQUE,7822,1
GIBECQ,7823,1
GONDREGNIES,7830,1
HELLEBECQ,7830,1
HOVES,7830,1
FOULENG,7830,1
SILLY,7830,1
THORICOURT,7830,1
BASSILLY,7830,1
GRATY,7830,1
PETIT-ENGHIEN,7850,1
MARCQ,7850,1
ENGHIEN,7850,1
LESSINES,7860,1
PAPIGNIES,7861,1
WANNEBECQ,7861,1
OGY,7862,1
GHOY,7863,1
DEUX-ACREN,7864,1
OLLIGNIES,7866,1
BOIS-DE-LESSINES,7866,1
CAMBRON-SAINT-VINCENT,7870,1
BAUFFE,7870,1
MONTIGNIES-LEZ-LENS,7870,1
LOMBISE,7870,1
LENS,7870,1
FLOBECQ,7880,1
LAHAMAIDE,7890,1
WODECQ,7890,1
ELLEZELLES,7890,1
GRANDMETZ,7900,1
LEUZE-EN-HAINAUT,7900,1
THIEULAIN,7901,1
BLICQUY,7903,1
CHAPELLE-À-WATTINES,7903,1
CHAPELLE-À-OIE,7903,1
PIPAIX,7904,1
TOURPES,7904,1
WILLAUPUIS,7904,1
GALLAIX,7906,1
ARC-WATTRIPONT,7910,1
ANVAING,7910,1
ELLIGNIES-LEZ-FRASNES,7910,1
WATTRIPONT,7910,1
ARC-AINIÈRES,7910,1
CORDES,7910,1
FRASNES-LEZ-ANVAING,7910,1
MONTROEUL-AU-BOIS,7911,1
HERQUEGIES,7911,1
FRASNES-LEZ-BUISSENAL,7911,1
MOUSTIER,7911,1
OEUDEGHIEN,7911,1
BUISSENAL,7911,1
HACQUEGNIES,7911,1
SAINT-SAUVEUR,7912,1
DERGNEAU,7912,1
CAMBRON-CASTEAU,7940,1
BRUGELETTE,7940,1
ATTRE,7941,1
MÉVERGNIES-LEZ-LENS,7942,1
GAGES,7943,1
CHIÈVRES,7950,1
TONGRE-SAINT-MARTIN,7950,1
LADEUZE,7950,1
GROSAGE,7950,1
HUISSIGNIES,7950,1
TONGRE-NOTRE-DAME,7951,1
BELOEIL,7970,1
THUMAIDE,7971,1
BASÈCLES,7971,1
WADELINCOURT,7971,1
RAMEGNIES,7971,1
ELLIGNIES-SAINTE-ANNE,7972,1
AUBECHIES,7972,1
QUEVAUCAMPS,7972,1
GRANDGLISE,7973,1
STAMBRUGES,7973,1
ROCOURT,4000,1
GLAIN,4000,1
WANDRE,4020,1
BRESSOUX,4020,1
JUPILLE-SUR-MEUSE,4020,1
GRIVEGNÉE,4030,1
ANGLEUR,4031,1
CHÊNÉE,4032,1
HERSTAL,4040,1
MILMORT,4041,1
VOTTEM,4041,1
LIERS,4042,1
CHAUDFONTAINE,4050,1
VAUX-SOUS-CHÈVREMONT,4051,1
BEAUFAYS,4052,1
EMBOURG,4053,1
BONCELLES,4100,1
JEMEPPE-SUR-MEUSE,4101,1
OUGRÉE,4102,1
NEUPRÉ,4120,1
ROTHEUX-RIMIÈRE,4120,1
NEUVILLE-EN-CONDROZ,4121,1
PLAINEVAUX,4122,1
ESNEUX,4130,1
TILFF,4130,1
DOLEMBREUX,4140,1
ROUVREUX,4140,1
SPRIMONT,4140,1
GOMZÉ-ANDOUMONT,4140,1
ANTHISNES,4160,1
VILLERS-AUX-TOURS,4161,1
HODY,4162,1
TAVIER,4163,1
COMBLAIN-AU-PONT,4170,1
POULSEUR,4171,1
COMBLAIN-LA-TOUR,4180,1
HAMOIR,4180,1
COMBLAIN-FAIRON,4180,1
FILOT,4181,1
MY,4190,1
VIEUXVILLE,4190,1
XHORIS,4190,1
FERRIÈRES,4190,1
WERBOMONT,4190,1
BURDINNE,4210,1
MARNEFFE,4210,1
OTEPPE,4210,1
HANNÊCHE,4210,1
LAMONTZÉE,4210,1
LAVOIR,4217,1
HÉRON,4217,1
WARET-L'EVÊQUE,4217,1
COUTHUIN,4218,1
AMBRESIN,4219,1
WASSEIGES,4219,1
MEEFFE,4219,1
ACOSSE,4219,1
HOLLOGNE-SUR-GEER,4250,1
LENS-SAINT-SERVAIS,4250,1
BOËLHE,4250,1
GEER,4250,1
OMAL,4252,1
DARION,4253,1
LIGNEY,4254,1
CORSWAREM,4257,1
ROSOUX-CRENWICK,4257,1
BERLOZ,4257,1
BRAIVES,4260,1
VILLE-EN-HESBAYE,4260,1
CIPLET,4260,1
FUMAL,4260,1
AVENNES,4260,1
FALLAIS,4260,1
LATINNE,4261,1
TOURINNE,4263,1
AVERNAS-LE-BAUDUIN,4280,1
BLEHEN,4280,1
CREHEN,4280,1
POUCET,4280,1
ABOLENS,4280,1
AVIN,4280,1
HANNUT,4280,1
THISNES,4280,1
VILLERS-LE-PEUPLIER,4280,1
MERDORP,4280,1
CRAS-AVERNAS,4280,1
PETIT-HALLET,4280,1
LENS-SAINT-REMY,4280,1
TROGNÉE,4280,1
BERTRÉE,4280,1
MOXHE,4280,1
GRAND-HALLET,4280,1
WANSIN,4280,1
RACOUR,4287,1
PELLAINES,4287,1
LINCENT,4287,1
LANTREMANGE,4300,1
BLERET,4300,1
GRAND-AXHE,4300,1
BETTINCOURT,4300,1
OLEYE,4300,1
BOVENISTIER,4300,1
WAREMME,4300,1
VIEMME,4317,1
LES WALEFFES,4317,1
AINEFFE,4317,1
FAIMES,4317,1
BORLEZ,4317,1
FOOZ,4340,1
OTHÉE,4340,1
AWANS,4340,1
VILLERS-L'EVÊQUE,4340,1
HOGNOUL,4342,1
FRELOUX,4347,1
FEXHE-LE-HAUT-CLOCHER,4347,1
ROLOUX,4347,1
VOROUX-GOREUX,4347,1
MOMALLE,4350,1
POUSSET,4350,1
LAMINE,4350,1
REMICOURT,4350,1
HODEIGE,4351,1
DONCEEL,4357,1
LIMONT,4357,1
HANEFFE,4357,1
OREYE,4360,1
BERGILERS,4360,1
OTRANGE,4360,1
LENS-SUR-GEER,4360,1
GRANDVILLE,4360,1
ODEUR,4367,1
CRISNÉE,4367,1
THYS,4367,1
FIZE-LE-MARSAL,4367,1
KEMEXHE,4367,1
GLEIXHE,4400,1
IVOZ-RAMET,4400,1
FLÉMALLE-HAUTE,4400,1
FLÉMALLE-GRANDE,4400,1
MONS-LEZ-LIÈGE,4400,1
AWIRS,4400,1
FLÉMALLE,4400,1
CHOKIER,4400,1
SAINT-NICOLAS,4420,1
TILLEUR,4420,1
MONTEGNÉE,4420,1
ANS,4430,1
LONCIN,4431,1
ALLEUR,4432,1
XHENDREMAEL,4432,1
LANTIN,4450,1
JUPRELLE,4450,1
SLINS,4450,1
VOROUX-LEZ-LIERS,4451,1
PAIFVE,4452,1
WIHOGNE,4452,1
VILLERS-SAINT-SIMÉON,4453,1
FEXHE-SLINS,4458,1
GRÂCE-BERLEUR,4460,1
HOLLOGNE-AUX-PIERRES,4460,1
GRÂCE-HOLLOGNE,4460,1
VELROUX,4460,1
HORION-HOZÉMONT,4460,1
BIERSET,4460,1
SAINT-GEORGES-SUR-MEUSE,4470,1
HERMALLE-SOUS-HUY,4480,1
CLERMONT-SOUS-HUY,4480,1
ENGIS,4480,1
TIHANGE,4500,1
BEN-AHIN,4500,1
HUY,4500,1
VINALMONT,4520,1
ANTHEIT,4520,1
MOHA,4520,1
HUCCORGNE,4520,1
BAS-OHA,4520,1
WANZE,4520,1
VILLERS-LE-BOUILLET,4530,1
WARNANT-DREYE,4530,1
VAUX-ET-BORSET,4530,1
VIEUX-WALEFFE,4530,1
FIZE-FONTAINE,4530,1
BODEGNÉE,4537,1
VERLAINE,4537,1
SERAING-LE-CHÂTEAU,4537,1
CHAPON-SERAING,4537,1
FLÔNE,4540,1
JEHAY,4540,1
AMAY,4540,1
OMBRET,4540,1
AMPSIN,4540,1
YERNÉE-FRAINEUX,4550,1
VILLERS-LE-TEMPLE,4550,1
SAINT-SÉVERIN,4550,1
NANDRIN,4550,1
SOHEIT-TINLOT,4557,1
SENY,4557,1
ABÉE,4557,1
FRAITURE,4557,1
TINLOT,4557,1
RAMELOT,4557,1
LES AVINS,4560,1
CLAVIER,4560,1
TERWAGNE,4560,1
PAILHE,4560,1
BOIS-ET-BORSU,4560,1
OCQUIER,4560,1
VYLE-ET-THAROUL,4570,1
MARCHIN,4570,1
OUTRELOUXHE,4577,1
VIERSET-BARSE,4577,1
MODAVE,4577,1
STRÉE-LEZ-HUY,4577,1
ELLEMELLE,4590,1
OUFFET,4590,1
WARZÉE,4590,1
RICHELLE,4600,1
LIXHE,4600,1
VISÉ,4600,1
LANAYE,4600,1
ARGENTEAU,4601,1
CHERATTE,4602,1
SAINT-ANDRÉ,4606,1
DALHEM,4607,1
BERNEAU,4607,1
BOMBAYE,4607,1
FENEUR,4607,1
MORTROUX,4607,1
WARSAGE,4608,1
QUEUE-DU-BOIS,4610,1
BELLAIRE,4610,1
BEYNE-HEUSAY,4610,1
FLÉRON,4620,1
RETINNE,4621,1
MAGNÉE,4623,1
ROMSÉE,4624,1
SOUMAGNE,4630,1
MICHEROUX,4630,1
AYENEUX,4630,1
TIGNÉE,4630,1
EVEGNÉE,4631,1
CÉREXHE-HEUSEUX,4632,1
MELEN,4633,1
CHAINEUX,4650,1
JULÉMONT,4650,1
HERVE,4650,1
GRAND-RECHAIN,4650,1
BATTICE,4651,1
XHENDELESSE,4652,1
BOLLAND,4653,1
CHARNEUX,4654,1
TREMBLEUR,4670,1
MORTIER,4670,1
BLÉGNY,4670,1
BARCHON,4671,1
SAIVE,4671,1
HOUSSE,4671,1
HERMÉE,4680,1
OUPEYE,4680,1
HERMALLE-SOUS-ARGENTEAU,4681,1
HOUTAIN-SAINT-SIMÉON,4682,1
HEURE-LE-ROMAIN,4682,1
VIVEGNIS,4683,1
HACCOURT,4684,1
BOIRS,4690,1
ROCLENGE-SUR-GEER,4690,1
GLONS,4690,1
EBEN-EMAEL,4690,1
BASSENGE,4690,1
WONCK,4690,1
EUPEN,4700,1
KETTENIS,4701,1
LONTZEN,4710,1
WALHORN,4711,1
LA CALAMINE,4720,1
NEU-MORESNET,4721,1
HERGENRATH,4728,1
RAEREN,4730,1
HAUSET,4730,1
EYNATTEN,4731,1
ELSENBORN,4750,1
BUTGENBACH,4750,1
MANDERFELD,4760,1
BULLANGE,4760,1
ROCHERATH,4761,1
AMBLÈVE,4770,1
MEYERODE,4770,1
HEPPENBACH,4771,1
RECHT,4780,1
SAINT-VITH,4780,1
SCHOENBERG,4782,1
LOMMERSWEILER,4783,1
CROMBACH,4784,1
BURG-REULAND,4790,1
REULAND,4790,1
THOMMEN,4791,1
LAMBERMONT,4800,1
ENSIVAL,4800,1
PETIT-RECHAIN,4800,1
STEMBERT,4801,1
HEUSY,4802,1
DISON,4820,1
ANDRIMONT,4821,1
LIMBOURG,4830,1
BILSTAIN,4831,1
GOÉ,4834,1
BAELEN,4837,1
MEMBACH,4837,1
WELKENRAEDT,4840,1
HENRI-CHAPELLE,4841,1
JALHAY,4845,1
SART-LEZ-SPA,4845,1
MORESNET,4850,1
PLOMBIÈRES,4850,1
MONTZEN,4850,1
SIPPENAEKEN,4851,1
GEMMENICH,4851,1
HOMBOURG,4852,1
CORNESSE,4860,1
WEGNEZ,4860,1
PEPINSTER,4860,1
SOIRON,4861,1
NESSONVAUX,4870,1
FRAIPONT,4870,1
FORÊT,4870,1
TROOZ,4870,1
OLNE,4877,1
AUBEL,4880,1
THIMISTER-CLERMONT,4890,1
THIMISTER,4890,1
SPA,4900,1
LA REID,4910,1
THEUX,4910,1
AYWAILLE,4920,1
ERNONHEID,4920,1
HARZÉ,4920,1
SOUGNÉ-REMOUCHAMPS,4920,1
SOURBRODT,4950,1
ROBERTVILLE,4950,1
FAYMONVILLE,4950,1
WAIMES,4950,1
MALMEDY,4960,1
BEVERCÉ,4960,1
BELLEVAUX-LIGNEUVILLE,4960,1
STAVELOT,4970,1
FRANCORCHAMPS,4970,1
FOSSE,4980,1
TROIS-PONTS,4980,1
WANNE,4980,1
BASSE-BODEUX,4983,1
RAHIER,4987,1
LORCÉ,4987,1
STOUMONT,4987,1
LA GLEIZE,4987,1
CHEVRON,4987,1
BRA,4990,1
LIERNEUX,4990,1
ARBREFONTAINE,4990,1
VILLERS-LA-BONNE-EAU,6600,1
LONGVILLY,6600,1
WARDIN,6600,1
BASTOGNE,6600,1
MARTELANGE,6630,1
HOLLANGE,6637,1
FAUVILLERS,6637,1
TINTANGE,6637,1
SIBRET,6640,1
NIVES,6640,1
VAUX-SUR-SÛRE,6640,1
VAUX-LEZ-ROSIÈRES,6640,1
HOMPRÉ,6640,1
MORHET,6640,1
JUSERET,6642,1
HOUFFALIZE,6660,1
NADRIN,6660,1
TAILLES,6661,1
TAVIGNY,6662,1
MABOMPRÉ,6663,1
WIBRIN,6666,1
GOUVY,6670,1
LIMERLÉ,6670,1
BOVIGNY,6671,1
BEHO,6672,1
CHERAIN,6673,1
MONTLEBAN,6674,1
AMBERLOUP,6680,1
TILLET,6680,1
SAINTE-ODE,6680,1
LAVACHERIE,6681,1
FLAMIERGE,6686,1
BERTOGNE,6687,1
VIELSALM,6690,1
BIHAIN,6690,1
PETIT-THIER,6692,1
GRAND-HALLEUX,6698,1
HEINSCH,6700,1
TOERNICH,6700,1
BONNERT,6700,1
GUIRSCH,6704,1
AUTELBAS,6706,1
TONTELANGE,6717,1
NOBRESSART,6717,1
THIAUMONT,6717,1
NOTHOMB,6717,1
ATTERT,6717,1
HACHY,6720,1
HABAY-LA-NEUVE,6720,1
HABAY,6720,1
ANLIER,6721,1
HABAY-LA-VIEILLE,6723,1
HOUDEMONT,6724,1
RULLES,6724,1
TINTIGNY,6730,1
ROSSIGNOL,6730,1
SAINT-VINCENT,6730,1
ETALLE,6740,1
VILLERS-SUR-SEMOIS,6740,1
SAINTE-MARIE-SUR-SEMOIS,6740,1
VANCE,6741,1
CHANTEMELLE,6742,1
BUZENOL,6743,1
CHÂTILLON,6747,1
MEIX-LE-TIGE,6747,1
SIGNEULX,6750,1
MUSSY-LA-VILLE,6750,1
MUSSON,6750,1
VIRTON,6760,1
RUETTE,6760,1
BLEID,6760,1
ETHE,6760,1
LATOUR,6761,1
SAINT-MARD,6762,1
LAMORTEAU,6767,1
TORGNY,6767,1
ROUVROY,6767,1
HARNONCOURT,6767,1
DAMPICOURT,6767,1
GÉROUVILLE,6769,1
ROBELMONT,6769,1
MEIX-DEVANT-VIRTON,6769,1
VILLERS-LA-LOUE,6769,1
SOMMETHONNE,6769,1
WOLKRANGE,6780,1
MESSANCY,6780,1
HONDELANGE,6780,1
SÉLANGE,6781,1
HABERGY,6782,1
AUBANGE,6790,1
ATHUS,6791,1
RACHECOURT,6792,1
HALANZY,6792,1
SAINT-PIERRE,6800,1
RECOGNE,6800,1
BRAS,6800,1
REMAGNE,6800,1
FREUX,6800,1
SAINTE-MARIE-CHEVIGNY,6800,1
LIBRAMONT-CHEVIGNY,6800,1
MOIRCY,6800,1
CHINY,6810,1
JAMOIGNE,6810,1
IZEL,6810,1
LES BULLES,6811,1
SUXY,6812,1
TERMES,6813,1
SAINTE-CÉCILE,6820,1
FLORENVILLE,6820,1
FONTENOILLE,6820,1
MUNO,6820,1
LACUISINE,6821,1
VILLERS-DEVANT-ORVAL,6823,1
CHASSEPIERRE,6824,1
POUPEHAN,6830,1
BOUILLON,6830,1
ROCHEHAUT,6830,1
LES HAYONS,6830,1
NOIRFONTAINE,6831,1
SENSENRUTH,6832,1
UCIMONT,6833,1
VIVY,6833,1
BELLEVAUX,6834,1
DOHAN,6836,1
CORBION,6838,1
GRANDVOIR,6840,1
HAMIPRÉ,6840,1
LONGLIER,6840,1
TOURNAY,6840,1
GRAPFONTAINE,6840,1
CARLSBOURG,6850,1
PALISEUL,6850,1
OFFAGNE,6850,1
NOLLEVAUX,6851,1
MAISSIN,6852,1
OPONT,6852,1
FRAMONT,6853,1
FAYS-LES-VENEURS,6856,1
EBLY,6860,1
ASSENOIS,6860,1
MELLIER,6860,1
LÉGLISE,6860,1
WITRY,6860,1
HATRIVAL,6870,1
ARVILLE,6870,1
SAINT-HUBERT,6870,1
AWENNE,6870,1
VESQUEVILLE,6870,1
MIRWART,6870,1
AUBY-SUR-SEMOIS,6880,1
JEHONVILLE,6880,1
CUGNON,6880,1
BERTRIX,6880,1
ORGEO,6880,1
STRAIMONT,6887,1
SAINT-MÉDARD,6887,1
HERBEUMONT,6887,1
ANLOY,6890,1
OCHAMPS,6890,1
LIBIN,6890,1
VILLANCE,6890,1
TRANSINNE,6890,1
REDU,6890,1
SMUID,6890,1
AYE,6900,1
HARGIMONT,6900,1
WAHA,6900,1
HUMAIN,6900,1
ON,6900,1
ROY,6900,1
MARCHE-EN-FAMENNE,6900,1
WELLIN,6920,1
SOHIER,6920,1
CHANLY,6921,1
HALMA,6922,1
LOMPREZ,6924,1
RESTEIGNE,6927,1
TELLIN,6927,1
BURE,6927,1
GRUPONT,6927,1
GEMBES,6929,1
DAVERDISSE,6929,1
HAUT-FAYS,6929,1
BARVAUX-SUR-OURTHE,6940,1
DURBUY,6940,1
SEPTON,6940,1
WÉRIS,6940,1
GRANDHAN,6940,1
IZIER,6941,1
BENDE,6941,1
HEYD,6941,1
VILLERS-SAINTE-GERTRUDE,6941,1
BORLON,6941,1
BOMAL-SUR-OURTHE,6941,1
TOHOGNE,6941,1
HARSIN,6950,1
NASSOGNE,6950,1
BANDE,6951,1
GRUNE,6952,1
MASBOURG,6953,1
LESTERNY,6953,1
AMBLY,6953,1
FORRIÈRES,6953,1
VAUX-CHAVANNE,6960,1
HARRE,6960,1
ODEIGNE,6960,1
MALEMPRÉ,6960,1
DOCHAMPS,6960,1
GRANDMÉNIL,6960,1
MANHAY,6960,1
TENNEVILLE,6970,1
CHAMPLON,6971,1
ERNEUVILLE,6972,1
BEAUSAINT,6980,1
LA ROCHE-EN-ARDENNE,6980,1
SAMRÉE,6982,1
ORTHO,6983,1
HIVES,6984,1
HALLEUX,6986,1
MARCOURT,6987,1
BEFFE,6987,1
HODISTER,6987,1
RENDEUX,6987,1
HOTTON,6990,1
MARENNE,6990,1
FRONVILLE,6990,1
HAMPTEAU,6990,1
AMONINES,6997,1
SOY,6997,1
MORMONT,6997,1
EREZÉE,6997,1
BEEZ,5000,1
BELGRADE,5001,1
SAINT-SERVAIS,5002,1
SAINT-MARC,5003,1
BOUGE,5004,1
DAUSSOULX,5020,1
SUARLÉE,5020,1
FLAWINNE,5020,1
VEDRIN,5020,1
MALONNE,5020,1
CHAMPION,5020,1
TEMPLOUX,5020,1
BONINNE,5021,1
COGNELÉE,5022,1
GELBRESSÉE,5024,1
MARCHE-LES-DAMES,5024,1
GEMBLOUX,5030,1
GRAND-MANIL,5030,1
BEUZET,5030,1
ERNAGE,5030,1
LONZÉE,5030,1
SAUVENIÈRE,5030,1
GRAND-LEEZ,5031,1
CORROY-LE-CHÂTEAU,5032,1
ISNES,5032,1
BOSSIÈRE,5032,1
BOTHEY,5032,1
MAZY,5032,1
SAMBREVILLE,5060,1
TAMINES,5060,1
VELAINE-SUR-SAMBRE,5060,1
MOIGNELÉE,5060,1
AUVELAIS,5060,1
FALISOLLE,5060,1
ARSIMONT,5060,1
KEUMIÉE,5060,1
FOSSES-LA-VILLE,5070,1
SART-SAINT-LAURENT,5070,1
LE ROUX,5070,1
AISEMONT,5070,1
VITRIVAL,5070,1
SART-EUSTACHE,5070,1
WARISOULX,5080,1
RHISNES,5080,1
LA BRUYÈRE,5080,1
EMINES,5080,1
VILLERS-LEZ-HEEST,5080,1
MEUX,5081,1
SAINT-DENIS-BOVESSE,5081,1
BOVESSE,5081,1
DAVE,5100,1
JAMBES,5100,1
WIERDE,5100,1
NANINNE,5100,1
WÉPION,5100,1
ERPENT,5101,1
LOYERS,5101,1
LIVES-SUR-MEUSE,5101,1
LIGNY,5140,1
TONGRINNE,5140,1
BOIGNÉE,5140,1
SOMBREFFE,5140,1
FRANIÈRE,5150,1
SOYE,5150,1
FLOREFFE,5150,1
FLORIFFOUX,5150,1
PROFONDEVILLE,5170,1
BOIS-DE-VILLERS,5170,1
LESVE,5170,1
RIVIÈRE,5170,1
LUSTIN,5170,1
MORNIMONT,5190,1
HAM-SUR-SAMBRE,5190,1
SPY,5190,1
MOUSTIER-SUR-SAMBRE,5190,1
SAINT-MARTIN,5190,1
ONOZ,5190,1
JEMEPPE-SUR-SAMBRE,5190,1
BALÂTRE,5190,1
THON,5300,1
BONNEVILLE,5300,1
SCLAYN,5300,1
COUTISSE,5300,1
NAMÊCHE,5300,1
VEZIN,5300,1
ANDENNE,5300,1
SEILLES,5300,1
MAIZERET,5300,1
LANDENNE,5300,1
BRANCHON,5310,1
BONEFFE,5310,1
EGHEZÉE,5310,1
TAVIERS,5310,1
WARET-LA-CHAUSSÉE,5310,1
LEUZE,5310,1
DHUY,5310,1
LIERNU,5310,1
MEHAIGNE,5310,1
HANRET,5310,1
UPIGNY,5310,1
BOLINNE,5310,1
AISCHE-EN-REFAIL,5310,1
SAINT-GERMAIN,5310,1
NOVILLE-SUR-MEHAIGNE,5310,1
MAILLEN,5330,1
ASSESSE,5330,1
SART-BERNARD,5330,1
CRUPET,5332,1
SORINNE-LA-LONGUE,5333,1
FLORÉE,5334,1
COURRIÈRE,5336,1
MOZET,5340,1
GESVES,5340,1
FAULX-LES-TOMBES,5340,1
SORÉE,5340,1
HALTINNE,5340,1
OHEY,5350,1
EVELETTE,5350,1
HAILLOT,5351,1
PERWEZ-HAILLOT,5352,1
GOESNES,5353,1
JALLET,5354,1
HAMOIS,5360,1
NATOYE,5360,1
SCY,5361,1
MOHIVILLE,5361,1
ACHET,5362,1
EMPTINNE,5363,1
SCHALTIN,5364,1
FLOSTOY,5370,1
BARVAUX-CONDROZ,5370,1
VERLÉE,5370,1
HAVELANGE,5370,1
MÉAN,5372,1
MAFFE,5374,1
MIÉCRET,5376,1
HOGNE,5377,1
SOMME-LEUZE,5377,1
NETTINNE,5377,1
WAILLET,5377,1
SINSIN,5377,1
HEURE,5377,1
BAILLONVILLE,5377,1
BONSIN,5377,1
NOISEUX,5377,1
PONTILLAS,5380,1
NOVILLE-LES-BOIS,5380,1
FORVILLE,5380,1
TILLIER,5380,1
FERNELMONT,5380,1
FRANC-WARET,5380,1
HINGEON,5380,1
HEMPTINNE,5380,1
BIERWART,5380,1
MARCHOVELETTE,5380,1
CORTIL-WODON,5380,1
FALMAGNE,5500,1
ANSEREMME,5500,1
BOUVIGNES-SUR-MEUSE,5500,1
DRÉHANCE,5500,1
FURFOOZ,5500,1
FALMIGNOUL,5500,1
LISOGNE,5501,1
THYNES,5502,1
SORINNES,5503,1
FOY-NOTRE-DAME,5504,1
ANTHÉE,5520,1
ONHAYE,5520,1
SERVILLE,5521,1
FALAËN,5522,1
SOMMIÈRE,5523,1
WEILLEN,5523,1
GÉRIN,5524,1
DORINNE,5530,1
PURNODE,5530,1
SPONTIN,5530,1
EVREHAILLES,5530,1
DURNAL,5530,1
GODINNE,5530,1
HOUX,5530,1
YVOIR,5530,1
WARNANT,5537,1
DENÉE,5537,1
ANHÉE,5537,1
ANNEVOIE-ROUILLON,5537,1
SOSOYE,5537,1
HAUT-LE-WASTIA,5537,1
BIOUL,5537,1
WAULSORT,5540,1
HASTIÈRE,5540,1
HASTIÈRE-LAVAUX,5540,1
HERMETON-SUR-MEUSE,5540,1
HASTIÈRE-PAR-DELÀ,5541,1
BLAIMONT,5542,1
HEER,5543,1
AGIMONT,5544,1
ALLE,5550,1
BOHAN,5550,1
MOUZAIVE,5550,1
CHAIRIÈRE,5550,1
ORCHIMONT,5550,1
BAGIMONT,5550,1
SUGNY,5550,1
NAFRAITURE,5550,1
LAFORÊT,5550,1
PUSSEMANGE,5550,1
MEMBRE,5550,1
VRESSE-SUR-SEMOIS,5550,1
PETIT-FAYS,5555,1
NAOMÉ,5555,1
OIZY,5555,1
CORNIMONT,5555,1
GROS-FAYS,5555,1
MONCEAU-EN-ARDENNE,5555,1
BIÈVRE,5555,1
BAILLAMONT,5555,1
GRAIDE,5555,1
MESNIL-EGLISE,5560,1
CIERGNON,5560,1
MESNIL-SAINT-BLAISE,5560,1
HULSONNIAUX,5560,1
HOUYET,5560,1
FINNEVAUX,5560,1
CUSTINNE,5562,1
HOUR,5563,1
WANLIN,5564,1
FELENNE,5570,1
BARONVILLE,5570,1
HONNAY,5570,1
WANCENNES,5570,1
VONÊCHE,5570,1
FESCHAUX,5570,1
BEAURAING,5570,1
WINENNE,5570,1
JAVINGUE,5570,1
DION,5570,1
WIESME,5571,1
FOCANT,5572,1
MARTOUZIN-NEUVILLE,5573,1
PONDRÔME,5574,1
LOUETTE-SAINT-DENIS,5575,1
BOURSEIGNE-NEUVE,5575,1
WILLERZIE,5575,1
SART-CUSTINNE,5575,1
RIENNE,5575,1
LOUETTE-SAINT-PIERRE,5575,1
GEDINNE,5575,1
BOURSEIGNE-VIEILLE,5575,1
HOUDREMONT,5575,1
PATIGNIES,5575,1
VENCIMONT,5575,1
MALVOISIN,5575,1
FROIDFONTAINE,5576,1
JEMELLE,5580,1
ROCHEFORT,5580,1
HAN-SUR-LESSE,5580,1
VILLERS-SUR-LESSE,5580,1
AVE-ET-AUFFE,5580,1
LAVAUX-SAINTE-ANNE,5580,1
WAVREILLE,5580,1
BUISSONVILLE,5580,1
EPRAVE,5580,1
MONT-GAUTHIER,5580,1
LESSIVE,5580,1
CINEY,5590,1
HAVERSIN,5590,1
LEIGNON,5590,1
CHEVETOGNE,5590,1
PESSOUX,5590,1
SOVET,5590,1
ACHÊNE,5590,1
CONNEUX,5590,1
BRAIBANT,5590,1
SERINCHAMPS,5590,1
SART-EN-FAGNE,5600,1
JAMIOLLE,5600,1
SURICE,5600,1
JAMAGNE,5600,1
SAMART,5600,1
SAUTOUR,5600,1
FRANCHIMONT,5600,1
NEUVILLE,5600,1
VODECÉE,5600,1
FAGNOLLE,5600,1
MERLEMONT,5600,1
PHILIPPEVILLE,5600,1
VILLERS-LE-GAMBON,5600,1
VILLERS-EN-FAGNE,5600,1
ROMEDENNE,5600,1
OMEZÉE,5600,1
ROLY,5600,1
FLAVION,5620,1
SAINT-AUBIN,5620,1
MORVILLE,5620,1
ROSÉE,5620,1
HEMPTINNE-LEZ-FLORENNES,5620,1
CORENNE,5620,1
FLORENNES,5620,1
MORIALMÉ,5621,1
HANZINELLE,5621,1
HANZINNE,5621,1
THY-LE-BAUDOUIN,5621,1
SENZEILLES,5630,1
VILLERS-DEUX-EGLISES,5630,1
SILENRIEUX,5630,1
DAUSSOIS,5630,1
CERFONTAINE,5630,1
SOUMOY,5630,1
SAINT-GÉRARD,5640,1
GRAUX,5640,1
ORET,5640,1
BIESME,5640,1
METTET,5640,1
BIESMERÉE,5640,1
FURNAUX,5641,1
ERMETON-SUR-BIERT,5644,1
STAVE,5646,1
PRY,5650,1
CHASTRÈS,5650,1
CASTILLON,5650,1
FONTENELLE,5650,1
YVES-GOMEZÉE,5650,1
FRAIRE,5650,1
WALCOURT,5650,1
VOGENÉE,5650,1
GOURDINNE,5651,1
ROGNÉE,5651,1
TARCIENNE,5651,1
LANEFFE,5651,1
THY-LE-CHÂTEAU,5651,1
SOMZÉE,5651,1
BERZÉE,5651,1
PRESGAUX,5660,1
AUBLAIN,5660,1
MARIEMBOURG,5660,1
PETITE-CHAPELLE,5660,1
BRÛLY,5660,1
PESCHE,5660,1
GONRIEUX,5660,1
DAILLY,5660,1
BRÛLY-DE-PESCHE,5660,1
PÉTIGNY,5660,1
CUL-DES-SARTS,5660,1
COUVIN,5660,1
BOUSSU-EN-FAGNE,5660,1
FRASNES,5660,1
DOURBES,5670,1
OIGNIES-EN-THIÉRACHE,5670,1
NISMES,5670,1
MAZÉE,5670,1
VIERVES-SUR-VIROIN,5670,1
VIROINVAL,5670,1
OLLOY-SUR-VIROIN,5670,1
TREIGNES,5670,1
LE MESNIL,5670,1
GOCHENÉE,5680,1
VODELÉE,5680,1
VAUCELLES,5680,1
GIMNÉE,5680,1
MATAGNE-LA-PETITE,5680,1
NIVERLÉE,5680,1
ROMERÉE,5680,1
MATAGNE-LA-GRANDE,5680,1
SOULME,5680,1
DOISCHE,5680,1
