Words,Score
เธ,1000
เน,961
โอเค,919
ๆ,882
อะไรนะ,830
อะไร,811
และ,810
เธฒเธ,794
เธญเธ,794
เธตเน,777
โอ,776
เธฑเธ,772
ทำไม,772
ไป,767
บรรยายไทยโดย,758
เธกเน,742
ผม,739
ตกลง,733
นะ,727
เหรอ,726
เออ,725
คน,719
ไง,718
ขอโทษนะ,716
ขอบใจ,707
ขอโทษ,706
เธธเธ,701
อา,698
เธฅเน,694
หา,689
โ,686
เธอ,686
ช,686
เธดเธ,685
แซม,684
เธงเน,683
เอาละ,683
บาย,682
เธฒ,681
เธฑเน,681
เธฒเน,678
ผมขอโทษ,676
พวก,672
เธซเน,670
เธงเธ,668
ไปเถอะ,662
มาเถอะ,658
เอาเลย,658
เธญเน,657
นาย,653
เลย,652
ออกไป,648
เธฐ,643
มา,643
เธฃเธ,643
ใคร,642
เขา,639
เธกเธ,638
เธกเธฑเธ,634
เธฐเธ,633
เธซเธ,632
ขอบใจนะ,632
ใน,632
คะ,629
สอง,628
เธฃเน,627
เรา,626
พวกเรา,626
อะไรเหรอ,622
ไปเลย,620
เธฐเน,617
แหม,614
จาก,612
ทอม,610
เธง,609
เพราะ,605
ขอโทษนะคะ,604
ของ,604
สาม,603
ไฮ,602
ถอยไป,602
ฮะ,601
เธณเน,601
เธฅเธ,600
เธนเธ,599
เธทเน,596
ตกลงไหม,594
เธญเธขเน,594
เจค,593
เธฃเธฒเธ,592
โจ,591
เบน,590
ณ,590
โอเคไหม,589
หรอ,589
แก,588
ขวบ,588
เจน,587
สเตฟาน,587
ดร,586
พอล,583
อาจจะ,582
เธฃเธนเน,581
โอเคนะ,579
สาวๆ,579
เธฃเธฑเธ,579
แดน,578
เฮ,577
เจฟ,576
เธกเธฒเธ,576
เอ,576
มาเลย,576
เธฃเธทเน,575
เธฒเธขเธ,573
เรเชล,573
เธฃเธดเธ,569
ชม,569
เธนเน,568
เธถเธ,567
เธญเธขเธนเน,566
เธต,565
อะ,564
โอว,564
ตาย,564
น,563
ประมาณ,563
เธณเธ,562
เธถเน,561
เดอะ,560
เธตเธ,559
เธซเธฃเธญ,559
ทำไมเหรอ,559
ไปซะ,557
หมอ,557
เธข,556
จอช,555
เธฃ,555
เธกเธตเธ,553
เธญเธฐเน,553
เธขเธ,551
เธชเธ,550
เธฒเธขเน,550
พวกเขา,549
ผมเอง,549
เธฒเธฃเธ,549
อาเบด,549
เพลง,549
เธฅเธฐเธ,548
เธญ,548
เธขเน,546
เดฟ,544
หมอบลง,544
โมง,544
พวกนาย,543
เนท,543
เคท,541
เจส,540
เอาหละ,539
โบ,539
ใ,538
เธดเน,536
นา,535
โกหก,535
เธฒเธฃเน,534
เธญเธฃเน,534
แอนนา,534
เธฃเธฐเธ,534
วอน,534
ทำไมละ,534
เธฅเธฑเธ,532
ทรอย,532
โห,531
เวลา,530
โดย,530
ออกมา,529
ไหน,529
โทษนะ,529
เธขเธฑเธ,529
ตกลงนะ,528
เอเดน,527
ลา,526
เธชเน,526
เธกเธฑเน,526
เธฅเธข,526
ไหม,526
ตำรวจ,526
โฮ,525
ขอบใจมาก,524
ตอน,524
เธณเธฅเธฑเธ,524
เธฒเธข,522
เคน,522
เธญเธฒเธ,521
เนธาน,521
ปธน,520
แบบ,520
เยน,519
หมายเลข,519
เธก,516
ขวา,516
พอเถอะ,515
จอง,514
เอาเถอะ,514
ทำอะไร,514
ฮา,514
เจ,513
อะไรวะ,513
เลยนะ,513
อะไรนะคะ,512
เวร,512
บอกมา,512
เธงเธขเธ,512
ตลอดเวลา,510
นายอำเภอ,510
ขยช,510
รขโ,509
พวกเธอ,509
โอย,507
ไปตายซะ,506
เดอ,506
ผอ,506
แมท,505
เธฃเธฒเน,504
แอรอน,503
แคส,503
หรอก,502
ราเชล,501
เธญเธญเธ,501
ไอ,500
เมตร,498
ตามมา,498
ภายใน,498
ชอน,497
อะไรหรอ,497
เกรซ,496
โคล,496
แวน,495
เธกเธตเน,495
ตลอดไป,495
เธฃเธฐเน,495
รอ,495
เธซเธกเธทเธญเธ,494
อะไรคะ,494
โรส,494
โอเคๆ,494
รปภ,493
พอ,492
ของเรา,492
องศา,492
เธญเธขเธฒเธ,492
เชลดอน,492
นะคะ,489
เธซเธก,489
เธงเธฒเธกเธ,488
แฮนนา,488
หลบไป,488
ชา,488
ถอนหายใจ,488
ขอ,487
ยอง,487
เธงเธข,486
แบส,486
เยส,486
ไปไหน,483
ซอง,483
ทำ,482
ตามสบาย,482
เธกเธฒเน,482
เธชเธดเน,481
โนแลน,481
มาก,481
คำราม,480
เหรอคะ,480
อ,480
เธทเธญเธ,480
เพคะ,480
ทหาร,479
ม,479
เธฅเธญเธ,479
รอย,478
จะ,478
เธตเธขเธ,478
เชน,478
นายจะทำอะไร,477
ดา,477
เดล,477
เอา,477
โก,475
บลา,475
หก,475
เอส,475
เธฅเธฐเน,474
ราย,474
ใครเหรอ,474
เธทเธ,473
เธฃเธญเธ,473
ผมเหรอ,471
เธกเธฒ,471
เนอะ,471
จนท,470
รอบ,469
เมษายน,469
นาธาน,469
เธตเธงเธดเธ,469
ดอน,468
ใครนะ,468
เอาไป,468
มาดาม,468
คะแนน,466
ใบ,466
เธณเธญเธฐเน,466
เค,466
ตอนแรก,465
เธงเธขเน,465
ธ,465
ของเขา,464
เธชเธธเธ,464
ไชโย,464
ออกไปซะ,463
โช,463
โด,463
เธฅเธนเธ,463
เธซเธกเธ,462
เธฑเธงเน,462
เธญเธตเธ,461
เธฃเธฒ,461
เธอจะไปไหน,461
สหาย,461
สวย,461
มาใน,460
ออก,459
เจเจ,459
ไฟ,459
เธชเธฑเธ,459
เฮเลน,459
รอน,459
คาเรน,459
ของเธอ,458
โจนาธาน,458
เธฒเธกเธ,458
ใครๆ,458
พรรคพวก,457
ตลอด,457
ชอย,457
เ,457
เดมอน,457
เธขเธดเธ,457
ไปเหอะ,456
ยอดเลย,456
คนสวย,456
ทำไมคะ,456
โซ,456
หายไป,456
ทำงาน,455
เธญเธข,455
เอลเลน,454
แอน,454
โว,454
เธกเธทเน,454
ของผม,453
งาน,453
ผมจะ,452
เธฅเธตเน,452
รถ,451
อาเมน,451
มะ,451
ถอย,450
เอง,450
ตะโกน,450
โถ,450
ออ,449
กาแฟ,449
สาว,449
ลงไป,449
ยา,448
เอาไปเลย,448
สวยมาก,448
เธขเธงเธ,448
เธซเธฅเธฑเธ,448
เธฑเธงเธ,448
ยอดไปเลย,447
ชนะ,447
โดยเฉพาะ,446
หายใจ,446
ฆาตกร,446
เธงเธฑเธ,446
อาหาร,445
แบรด,445
ลอเรล,445
จะไปไหน,445
แปลก,444
ลอเรน,444
ถนน,444
เราจะ,443
เกวน,443
เธชเธด,443
นายจะไปไหน,443
ทำไมหรอ,443
หอบ,443
เธฃเธตเน,442
นอกจาก,441
เธฃเธตเธขเธ,441
เธธเน,441
ฌอน,441
ระยำ,441
เฮอะ,441
ใช,440
ฉลาดมาก,439
แหวะ,439
ไซมอน,439
บอส,439
แอล,439
จอน,439
เบลค,439
จาง,439
ไปนะ,439
ผมขอโทษนะ,438
ฉลาด,438
เธณ,438
เบธ,438
ฆาตกรรม,437
ผ,437
แคท,437
เธฅ,437
โลแกน,437
เธฅเธทเธญเธ,436
เธญเธฒเน,436
ไปๆ,436
และเธอ,435
เธซเธฃเธญเธ,435
แจ,435
เธฃเธฑเน,435
เคย,435
ศพ,435
ฉะ,434
มอนโร,433
ฮาน,433
หะ,433
ขอโทษคะ,433
เธชเธญเธ,433
เธญเธขเธ,433
เธซเธฒเธ,433
มายา,432
เคเลบ,431
เธอโอเคไหม,431
และผม,431
ซาน,431
บอกตามตรง,430
เธฅเธฒเธ,430
เอามา,430
เพราะอะไร,430
เธอจะทำอะไร,429
เธงเธดเธ,429
เฮลโล,429
ชะ,428
เธฎเน,428
แปด,428
เธน,428
เชฟ,428
ชาน,428
เธชเธตเธขเธ,427
เธด,427
เธฃเธดเน,427
ลง,427
เอล,426
เฮล,426
โรงพยาบาล,426
แครอล,426
ออฟ,426
ตามผมมา,425
คอนราด,425
เสมอ,425
เธงเธฒเธกเน,425
เรด,425
เธญเธฐ,424
ในอนาคต,424
ผมสาบาน,424
เธอโกหก,424
บอก,424
จบ,423
จา,423
โลก,423
ดอง,423
เย,423
อาา,423
เห,422
ตลอดกาล,422
เธฒเธงเน,422
เธซเธฅเน,422
โคเมะ,422
โจเซฟ,421
สแตน,421
เอเมน,421
นายพล,421
หลา,421
เธกเธตเธญเธฐเน,421
เพจ,421
แพม,420
เหลวไหล,420
แฟน,420
ตามใจ,420
เจคอบ,419
เธอทำอะไร,419
ออกไปนะ,419
ตา,418
นายทำอะไร,418
เธกเธทเธญเธ,418
โม,418
โดด,418
ฉ,418
ผมจะทำ,417
มม,417
เธชเธถเธ,417
ความตาย,417
บา,417
บ,417
ลงมา,417
เธชเธฒเธกเธฒเธฃเธ,417
เอาเหอะ,417
ชาย,417
เธญเธทเน,417
ทาง,416
เธซเธกเน,416
ซอล,416
คราง,416
สบายมาก,416
เถอะ,416
ไลโอเนล,415
เธฃเธฒเธฐเธ,415
แมต,415
บทบรรยายไทยโดย,414
พยาบาล,414
หรอกนะ,414
เขาโกหก,413
เอฟ,413
ๆๆ,413
ฮยอน,413
ละ,412
ชอบ,412
ราจ,411
เขาทำอะไร,410
มาเหอะ,410
แมค,410
เธฒเธกเธฑเธ,410
ไงคะ,410
ของนาย,410
มาจาก,410
ดอม,410
อาฮะ,410
นาโอะ,410
หมวด,410
เหอะ,410
มากๆ,409
ขโมย,409
ไปลงนรกซะ,409
กระโดด,409
เจอ,408
แด,408
ทำไมหละ,408
เธทเธญ,408
ผมจะไป,408
โอม,407
มอส,407
เบลน,406
เซ,406
โรงแรม,405
เธชเธดเธ,405
เธญเธฑเธ,405
แซค,405
ผมโอเค,405
ยอน,405
ไอแซค,404
ค,404
เอาละนะ,404
เธญเธกเธ,404
โน,403
ชาง,403
ตายซะ,403
ประธาน,403
โทร,403
เธซเธกเธฒเธขเธ,402
รอส,402
รา,402
เธอโอเคนะ,402
ด,402
ดง,402
เวด,401
รพ,401
เถอะนะ,401
คาล,401
ตายละ,400
ใครคะ,400
นาง,400
วอลเลซ,400
เธฅเธขเธ,399
นรก,399
เลน,399
ซะ,399
เธฎเธ,399
ลอง,398
พอเลย,398
ภรรยา,398
ไดแอน,398
บางคน,398
เบาๆ,398
ดะ,398
เธงเธฃเธ,398
คำถาม,398
เธฒเธกเน,397
นานา,397
แคล,397
ยามาดะ,397
เหอ,397
เชส,396
เดเรค,396
สงคราม,396
โวว,396
โคเฮ,396
คนทรยศ,395
ชารอน,395
อนาคต,395
เธดเธฅ,395
ของพวกเขา,395
โปรด,395
โทษนะคะ,395
เฮย,394
โป,394
เมแกน,394
เบ,394
ใครบางคน,394
ไหนๆ,392
เธขเธฒเธ,392
เครน,392
เธซเธขเธธเธ,392
โยโกะ,392
อยาก,392
เธซเธฃเธทเธญเน,392
ตกใจหมดเลย,391
ออกไปเลย,391
ตลกมาก,391
ยาย,391
เธฅเธดเธ,391
เราจะไป,391
เธงเธฒเธ,391
แปลกนะ,390
คยอง,390
หมา,390
แมว,390
ราโมน,390
หมดเวลา,390
เกล,390
แอนทอน,390
จะทำอะไร,390
พระราชา,390
เธตเธขเธงเธ,390
ทำเลย,390
เธชเธณเธซเธฃเธฑเธ,390
นายโอเคไหม,390
ผมชอบนะ,389
เธฒเธซเน,389
ฮาโหล,388
หยาง,388
กะ,388
เธชเธตเธขเน,388
ไคโตะ,388
ซม,388
เธฉเธ,388
สาย,388
ผมชอบ,388
เกม,387
เชอะ,387
อาจจะนะ,387
นอนลง,387
บอกตามตรงนะ,387
เธอสวยมาก,387
มามะ,387
แบบไหน,387
แชง,387
หลบ,386
ไม,386
ป,386
เอช,386
แบรนแดน,386
ไปไกลๆ,386
มาๆ,386
ขอบใจมากนะ,384
ลอนดอน,384
แหวน,384
วาว,384
ท,384
โกรธ,384
ฮยอง,384
เธซเธงเธฑเธ,383
คาเมรอน,383
ตรงไหน,383
เธทเธญเน,383
ถอยออกไป,383
ในตอนแรก,383
บอกเขา,383
แมน,383
กม,382
โอะ,382
โนอา,382
มากมาย,382
บน,381
เธกเธญเธ,381
โทรมา,381
เธซเธฒเน,381
ฮ,381
ภาษา,381
สารเลว,381
มอง,381
ขอเถอะ,381
จอย,381
ราคา,381
ผมขอ,381
เพราะเธอ,379
บรรยายไทย,379
เดท,379
เธอทำ,379
เธตเธขเธง,379
วางลง,379
รายงาน,379
บอกมาเถอะ,379
ขวด,379
เขาตาย,378
แผน,378
สวยงาม,378
แปลกมาก,378
ตามสบายเลย,378
เร,378
เธอจะ,377
เธธเธขเธ,377
รร,377
ไปๆๆ,377
บง,377
เฮลโหล,376
ใครบอก,376
เบท,376
เธฒเธฃ,376
สกาย,376
โย,374
โอวว,374
มาจากไหน,374
แกจะทำอะไร,374
แอช,374
คนแรก,373
คำ,373
คนตาย,373
เธฒเธก,373
โซล,373
สบายๆ,373
แบรนดอน,373
แฮม,373
ตะ,373
เธฒเธฃเธนเน,373
และเขา,371
ใครทำ,371
เอานะ,371
โนวา,371
ทาเคโมโตะ,371
ตรวจสอบ,371
เอเลน,371
แปลกๆ,371
ยอดมาก,371
เธงเธฅเธฒเธ,371
แดซอง,371
โมเสส,371
คนไหน,371
เฟรด,371
ฮาล,371
ฮวาง,370
อากาศ,370
เธฒเธง,370
เราเหรอ,370
ขนาด,370
และนาย,370
ดาว,370
เจได,370
คาวบอย,370
บรรยาย,370
ร,370
เธฉ,370
พระสนม,370
คาลอส,369
พอเหอะ,369
จากใคร,369
เวส,369
เซน,369
พฤษภาคม,369
ทำไมเธอ,369
มาตลอด,369
ทะเล,369
วง,369
ลำ,367
โหล,367
นาน,367
กด,367
เขต,367
ปลา,367
เท,367
ทาเคโทระ,367
ดาบ,367
เวรกรรม,367
คาเรฟ,367
หละ,367
กรรไกร,367
เธฒเธงเธ,367
ไงพวก,367
นก,366
แชด,366
เธฒเธขเธฑเธ,366
คนโกหก,366
ไลรา,366
โฮะ,366
ซอ,366
เอม,366
บอกผม,366
หมอบ,366
พยายาม,366
โมนา,366
คานาโกะ,366
ซา,366
เธธเธฉเธขเน,366
ไปไหนมา,364
ทดสอบ,364
ทำความสะอาด,364
ซาเอะ,364
สกปรก,364
ฮอย,364
กรกฎาคม,364
เธฃเธงเธ,364
สบาย,364
กระดาษ,364
นายโอเคนะ,364
ส,364
ว,364
ราวๆ,363
โปรดทราบ,363
แท,363
ยาม,363
ใครสน,363
เขาทำ,363
ไบรอน,363
ย,363
ถ,363
อายะ,363
แดง,363
เธขเธตเน,363
จดหมาย,363
โจแอนนา,363
ผมจะพยายาม,363
แถว,361
วะ,361
ทางไหน,361
เธอไปไหนมา,361
ไมโล,361
ขา,361
เมลแมน,361
โมโมโกะ,361
บาทหลวง,361
เธฃเธถเน,361
เราชนะ,361
เขาบอก,361
โทรหา,361
ประกาศ,361
ทำอะไรนะ,361
เบรนแนน,360
ทานากะ,360
บอกเธอ,360
เราจะทำ,360
เธฒเธกเธฒเธ,360
โจแฮนนา,360
เอะ,360
ลบ,360
ไลลา,360
รถไฟ,360
ตลก,360
ชน,360
พาโบล,360
เบค,360
ก,358
พระ,358
มาโกะ,358
สองคน,358
เธกเธฃเธนเน,358
ทำไมนะ,358
ฮง,358
บอล,358
ชอง,358
อะไรละ,358
เธซเธฅเธ,358
นายโกหก,358
เราสองคน,358
แซมมวล,358
เดวอน,358
ประทานโทษ,358
ลอส,356
แปลโดย,356
ฮาซอน,356
โดโนแวน,356
เธชเธณเธ,356
ไปละ,356
ใครหรอ,356
พวกแก,356
บนถนน,355
เธฑเธข,355
เราควร,355
เรน,355
หนาว,355
เธฃเธฒเธฐเน,355
เบล,355
เธงเธญเธฃเน,355
เธซเธฅเธฐ,355
เขาหายไป,355
เธชเธนเน,355
โชคชะตา,355
หรอคะ,355
เอาออกไป,355
ทะ,353
เธซเธฃเธทเธญ,353
อะไรๆ,353
ฮานะ,353
เลข,353
อะไรเหรอคะ,353
ออกมาจากรถ,353
มกราคม,353
เธอทำอะไรลงไป,353
ฮวา,353
เธฑเธง,353
เธอตาย,353
โยโกยะ,353
คลาก,353
เขาจะ,353
แหละ,353
ผมทำเอง,353
ถอยออกมา,353
คาวาฮาระ,351
ไปหา,351
ทนาย,351
การ,351
บอกอะไร,351
บราโว,351
เธฒเธซเธ,351
มยอง,351
จามาล,351
แอนนาเบล,351
โค,351
มานะ,351
แคม,351
คนเลว,351
บอกผมมา,351
มองผม,351
หนะ,351
ไปไกลๆเลย,351
โทรมานะ,349
ทารก,349
ตอบมา,349
ความทรงจำ,349
เธฒเธญเธขเธนเน,349
บารอน,349
เธญเธฒเธฅเน,349
เธงเธฅเธฒเน,349
บอม,349
โอเวน,349
ปะ,349
เกลน,349
เธฅเธฒเธงเธชเน,349
พลทหาร,349
เธณเธญเธขเน,348
สาบาน,348
ๆๆๆ,348
เธฅเธฐ,348
เธขเธง,348
พาย,348
เพนดรากอน,348
ง,346
บอกมาเลย,346
อารอน,346
ฮานา,346
เชา,346
ใครวะ,346
เธอไง,346
เช,346
อะนะ,346
เธทเธญเธญเธฐเน,346
มาย,346
เธญเธงเน,346
เธฒเธชเธ,346
พอๆ,346
หลอกลวง,346
โซยอน,346
สโลน,346
ผมจะรอ,346
เราสามารถ,346
เธฒเธกเธฒเน,346
นอน,346
เม,346
คนๆ,346
เทท,346
เธฃเธธเน,344
หวา,344
า,344
เธกเธต,344
เธชเธฒเธงเธ,344
เซธ,344
แพน,344
อาย,344
เพราะผม,344
ทำลาย,344
ของพวกเรา,344
วาน,344
บอย,342
เทส,342
เธฃเธธเธ,342
เหวอ,342
ผมทำ,342
ยอด,342
ทางขวา,342
บก,342
ภรรยาผม,342
เธฒเธญเธฐเน,342
เธฐเธญเธขเธนเน,342
หวานใจ,342
แรนดอล,342
รอบๆ,342
โอกาส,342
คำตอบ,342
สโตน,342
บอกตรงๆ,340
สกาโว,340
เธฒเธฃเธฑเธ,340
ประหลาด,340
ทอง,340
เบคเคท,340
อะไรหนะ,340
อำนาจ,340
เจซ,340
ออกมานะ,340
ตรง,340
ตาม,340
กาย,340
ถามทำไม,340
เธขเธดเน,340
เธฃเธตเธ,340
ผมหรอ,340
อาาา,338
คนนะ,338
เราจะไปไหน,338
บวก,338
เธงเธฅเธฒ,338
แอลเอ,338
นายจะ,338
เจคอป,338
แอง,338
หยาบคาย,338
สว,338
เบา,338
ทำซะ,338
ธรรมดา,338
แทน,338
ซอค,338
คาเนดะ,338
เธชเธงเธฑเธชเธ,338
ซาดาโกะ,338
สวยมากเลย,338
โหมด,338
ออกมาเถอะ,338
หมอคะ,336
อะไรอะ,336
เนต,336
ใด,336
แถวๆ,336
บอง,336
เธซเธฃเธทเธญเธ,336
ฮาวาย,336
แฟต,336
เธซเธฑเธงเน,336
พบ,336
เธญเธธเธ,336
ดอก,336
อากาเนะ,336
ถอยไปนะ,336
ภาษาสเปน,336
ออม,336
ไปนอนเถอะ,336
ใครโทรมา,336
แกทำอะไร,336
เธชเธนเธ,334
เธงเธฃเน,334
เธซเธฒเธขเน,334
กระแอม,334
ราว,334
แถม,334
เธตเธข,334
ภาค,334
เธฅเธทเน,334
เธชเธฃเน,334
ไคล,334
ผมอยากจะ,334
เธฃเธนเธ,334
เลยเหรอ,334
ฮอง,334
ดอล,334
เคล,334
ไค,332
ไปไปไป,332
ขยะ,332
เลว,332
ยาว,332
เธงเธฒเธกเธงเน,332
ไปทางขวา,332
จอดรถ,332
ผมไปเอง,332
ไซ,332
เขาไปไหน,332
ตามสบายนะ,332
หวาน,332
ไปๆๆๆ,329
เรอะ,329
นานมาก,329
แคนาดา,329
ฝนตก,329
เธขเธญเธ,329
ซก,329
ข,329
สเปน,329
เธซเธฒ,329
เออๆ,329
เธอบอก,329
ไท,329
ในเวลา,329
ภาพ,329
เยอะ,329
โหวต,329
ทรมาน,329
กระจก,329
และทำไม,327
ปปส,327
เเละ,327
แชนนอน,327
ทำไมนาย,327
แบทแมน,327
ผมอยาก,327
ธนาคาร,327
เธอฉลาด,327
คานะ,327
มายะ,327
ตำนาน,327
มากเลย,327
โจแอน,327
ล,327
ผมทราบ,327
เคนโซ,327
เธอสองคน,327
ถาม,325
เพราะนาย,325
แทซอง,325
จากอะไร,325
นางสาว,325
เก,325
สน,325
เธณเธชเธฑเน,325
ประเภท,325
เอาเขาออกไป,325
แกโกหก,325
เธฒเธกเธฒ,325
ต,325
บาง,325
ตลอดมา,325
มายามะ,325
ไปทำงาน,325
เวล,325
อะไรของนาย,325
เธกเธนเธ,325
เนล,325
ตอแหล,325
รายการ,325
สามารถ,325
ๆนะ,325
ดำ,325
ตก,323
แปปนะ,323
สมอง,323
เธฃเธฐเธซเธงเน,323
โอไฮโอ,323
เกฮวา,323
แลนดอน,323
โชตะ,323
สวอน,323
ผะ,323
ปะทะ,323
เธฉเธฒเธ,323
แฮน,323
นาโอโกะ,323
นายทำอะไรลงไป,323
บอกพวกเขา,323
พราโด,323
เธชเธตเน,323
เตะ,323
ความโกรธ,323
เพชร,323
เธชเธทเน,323
เธงเธกเน,323
ตรงไป,323
เราจะทำอะไร,323
ตามไป,323
และพวกเขา,323
เธอหายไป,320
เธอสวย,320
เธณเธกเธฑเธ,320
ผมโกหก,320
ฝน,320
เธซเธกเธญเธ,320
นะเหรอ,320
ขาย,320
จาฟา,320
ไปละนะ,320
ขะ,320
ขอเดานะ,320
เทสสา,320
นม,320
ระ,320
เครก,320
เธญเธกเน,320
เธฃเธฐเธงเธฑเธ,320
ดาเรน,320
ฟอลคอน,320
เธงเธดเน,320
ซาง,320
เจออะไรไหม,320
เธฅเธต,320
กกน,320
โอค,318
เธซเธฃเน,318
เธดเธก,318
เธจเธ,318
เธฐเธฃเธนเน,318
แปล,318
ของหวาน,318
ตามเขาไป,318
เคฟ,318
ฉลอง,318
พา,318
ทางออก,318
เราทำ,318
เธฃเธทเธญเธ,318
โซโลมอน,318
รถพยาบาล,318
ไปซะเถอะ,318
แสน,318
ลงมาจากรถ,318
สวยงามมาก,318
คอนรอย,318
ตกใจหมด,318
นายสองคน,318
ออส,315
เธฒเธกเธตเธ,315
โซดะ,315
กระบอก,315
แต,315
ขาว,315
แช,315
เลขา,315
เธฑเธขเธ,315
สเวน,315
ในฐานะ,315
และเรา,315
เธฃเธฒเธขเธ,315
โคกะ,315
เธณเธฃเธงเธ,315
การฆาตกรรม,315
เคนตะ,315
เลอ,315
เธขเธงเน,315
เธอมา,315
โกรอน,315
เกรด,315
คำสาป,315
ขอโทษๆ,315
ราชา,315
พโย,315
ขอเวลา,315
ในรถ,312
เรามา,312
พวกเขาจะ,312
เธฐเธงเน,312
เธฃเธกเธฒเธ,312
เวลาอะไร,312
แกจะไปไหน,312
ตลกนะ,312
ขอเวลานอก,312
ประชาชน,312
โหย,312
โทโมโอะ,312
ตอบ,312
เธขเธฒเธขเธฒเธกเธ,312
กฎ,312
ซอน,312
เทค,312
งานอะไร,312
ถอยไปซะ,312
แชมเปญ,312
เดรค,312
เธฐเธกเธตเธ,312
ผมบอก,312
ใครจะไปสน,312
มองอะไร,312
ครอส,312
เขาอาจจะ,312
ตลอดเลย,312
โกเมซ,312
พะยะคะ,312
แยก,310
ไล,310
กเวน,310
นานะ,310
ฮวน,310
ลาออก,310
ซาโนะ,310
เฮด,310
บายๆ,310
นายทำ,310
งง,310
เองนะ,310
เซจ,310
ตอนไหน,310
ควอน,310
เธฅเธฒเธขเน,310
ประสาท,310
เขาจะตาย,310
วอล,310
ไปทำไม,310
จ,310
เอวา,310
ยาน,310
เอาไหม,310
เธญเธฒเธฃเน,310
โพ,310
เธณเธฃเน,310
เคโกะ,310
โนดะ,310
เธฅเธขเน,310
กา,310
เชด,310
จะเอาอะไร,307
ประเทศ,307
ปากกา,307
เคนเสะ,307
ราฟาเอล,307
วาง,307
แมลง,307
นายไง,307
แมคคอล,307
ออกไปเถอะ,307
เขาจะทำอะไร,307
กวาง,307
บาส,307
เฮเดน,307
เบสบอล,307
วาล,307
เด,307
นายไปไหนมา,307
คนแคระ,307
เธฒเธญเธขเธฒเธ,307
ฆ,307
ยะ,307
เธกเธฅเน,307
ฮวาน,307
เวรละ,307
โจน,307
แกตาย,307
เดคแลน,307
อาซาดะ,307
ไกล,307
เขาจะไปไหน,307
ถอยมา,307
เบรน,307
ตกใจ,307
เธอชนะ,307
มอแกน,307
โกลบอล,307
กรรมการ,307
ลอเรนโซ,307
เราควรจะ,307
ฮเยนา,307
แพค,304
เซตะ,304
เฮค,304
แขก,304
ระบบ,304
กรรม,304
ตอนจบ,304
สาวสวย,304
ผมเองนะ,304
เธงเธฒเธกเธชเธธเธ,304
ตามหา,304
วาย,304
โนเอล,304
นาตาชา,304
คาเลบ,304
หาย,304
นาโช,304
โปรดเถอะ,304
เบรค,304
จากไป,304
เธขเธญเธกเน,304
ไอไอ,304
เธฅเธตเธขเธ,304
แครอท,304
ทำความเคารพ,304
แจซอก,304
เบคอน,304
โล,304
สะ,304
โมงตรง,304
โนดาเมะ,304
โรม,304
เขามา,304
ผมพยายาม,304
คนเหรอ,304
นอนเถอะ,304
เกรเทล,304
แอลจะโนน,304
ไบ,304
วา,304
โอเคเลย,304
นารา,304
ผมเลย,304
ผบ,304
ยก,304
ในโลก,301
กางเกงใน,301
เธฒเธจเธ,301
ฮอฟแมน,301
เธซเธฅเธทเธญเน,301
ใครจะสน,301
เธฃเธฃเธกเธ,301
เกรก,301
ไงนะ,301
ปาก,301
อโศกา,301
โมงนะ,301
อาชญากรรม,301
ผมเคย,301
ยานอวกาศ,301
มานากะ,301
จำนวน,301
แบ,301
เธอเหรอ,301
เอเจ,301
ลม,301
เหยด,301
โลน,301
โคลแมน,301
มามา,301
คาถา,301
ของใคร,301
มาเซล,301
กระรอก,301
แซดเนส,301
ถนนสาย,301
ไอนสไทน,301
ขอโทษฮะ,301
นายอง,301
สาบานเลย,301
โปรแกรม,301
เวนเดล,298
รออะไร,298
เกาะ,298
ซ,298
ระยะ,298
คาเซฮายะ,298
หายไปไหนมา,298
โซโนโกะ,298
เชยอง,298
เอลยาน,298
ปลาย,298
เธฃเธชเธฑเธ,298
พาเขาไป,298
เยล,298
โดยใคร,298
ความสามารถ,298
ผมสามารถ,298
โคเคน,298
เรโกะ,298
ทำอะไรของเธอ,298
อะไรเลย,298
เธออาจจะ,298
เยอะเลย,298
โคเฮน,298
เธขเธก,298
ขอผม,298
และสอง,298
พาเธอไป,298
ใครมา,298
ทางสะดวก,298
บอกเขาไป,298
คำแนะนำ,298
ผมดำ,298
ดารา,298
ผมชนะ,298
โสด,298
เอาเลยๆ,298
ของผมเอง,298
โมเร,298
คลาส,298
ดาเฮ,298
แรง,298
เธณเธชเธฒเธ,298
โอโบโระ,298
เธญเธก,298
เมา,294
หมวก,294
เธฉเน,294
เจด,294
งดงาม,294
เธฃเธฐเธญเธ,294
วอช,294
เธจเธฉ,294
ออกจาก,294
ประณาม,294
เธณเธซเธ,294
เธญเธกเธตเน,294
เธอไป,294
แปลกแฮะ,294
ออกมาเลย,294
หมอบลงไป,294
สะพาน,294
เขาฉลาด,294
พยาน,294
เกรทเชน,294
พาเวล,294
ทาเคโกะ,294
โฟรโด,294
ฮาฮา,294
หายไปไหน,294
ไปโรงพยาบาล,294
จน,294
คา,294
ทาลอน,294
ทะเลสาบ,294
นอนลงไป,294
จง,294
อาลาเค,294
ดวน,294
ตบ,294
เธอทำอะไรนะ,294
ทราบ,294
ซอย,294
แสตน,294
โฮป,294
พะ,294
ผมไป,294
หน,294
ยาง,294
แปลไทยโดย,294
เมส,294
เอออ,294
ทาเคดะ,294
เราจะรอ,294
เทป,294
เธกเธญเธขเธฒเธ,294
ทำไมละคะ,294
ของอะไร,294
และอะไร,291
จอด,291
กลาส,291
อาเนะโกะ,291
ฮานาซาวะ,291
ปา,291
ชอบไหม,291
เพศ,291
เธฒเธญเธขเน,291
เธญเธตเน,291
ผมทำอะไร,291
ทำอาหาร,291
มาโกโตะ,291
ภรรยาของผม,291
เอกสาร,291
เรช,291
เทวดา,291
จะไปไหนเหรอ,291
โดดเลย,291
ซานตา,291
เบนเนต,291
แบม,291
ผมมาสาย,291
ไรนะ,291
แขน,291
เธฅเธฅเน,291
เราพบ,291
เกลอ,291
บอกลา,291
สงครามโคลน,291
เธอมาทำอะไร,291
คอลลอน,291
โชค,291
ฮอลโลว,291
แชยอง,291
มอซ,291
เคเลป,291
ในนามของ,291
ถอยไปเลย,291
การแสดง,291
เธฃเธฒเธญเธขเธนเน,291
เอาไปเถอะ,291
เธชเธกเธ,291
เธฒเธฅเน,291
กอง,291
เธฐเธกเธฒเธ,291
เพศชาย,291
จะทำ,291
มาแชล,291
เธญเธญเธขเธนเน,291
เธอไปเถอะ,291
เธงเธกเธ,291
ทำไมวะ,291
เธกเธญเธฃเน,291
ดาลแร,291
ขำอะไร,291
เฮงซวย,291
แฟนเหรอ,287
แทคยอง,287
แมมมอท,287
โอโตยะ,287
สส,287
ขอประทานโทษ,287
เธฒเธฃเธฒเธ,287
เธดเธฃเน,287
เบส,287
โจร,287
รอแปปนะ,287
ชาว,287
เธญเธทเธก,287
เราเจอ,287
หลายๆ,287
ลงจากรถ,287
นายชนะ,287
ของแก,287
เมโทร,287
เซฟ,287
เธฅเธขเธงเน,287
เธอมาสาย,287
เธฅเธญเธตเน,287
เธซเธกเธฒเธ,287
เวรตะไล,287
เกรแฮม,287
เธกเธทเธญเน,287
เธกเธดเธ,287
โทรหาผม,287
โลเปซ,287
เธญเธฅเน,287
ซาแมนธา,287
เธชเธฑเน,287
หนอย,287
บอกมานะ,287
เมษา,287
เธฐเธญเธญเธ,287
ประหลาดใจ,287
เธฃเธญเธขเธนเน,287
จอซ,287
เธฃเธกเธฑเน,287
แสง,287
แหยะ,287
ยาก,287
ไปเอามา,287
จะพยายาม,287
โครงการ,287
เธขเธฅเน,287
ฮเย,287
เกอดา,287
ในรอบ,287
โจนาส,287
เกธ,284
เจฮา,284
เวน,284
ลอน,284
แอส,284
บอน,284
ไปนอนซะ,284
ตรงไปตรงมา,284
ลาฟาเยต,284
หาก,284
พลาด,284
อแมนดา,284
ยง,284
เยอะมาก,284
เธงเธฒเธกเธฃเธนเน,284
หยวน,284
ผมไปละ,284
ผจก,284
อยากจะ,284
ฝาแฝด,284
ชอบมาก,284
มด,284
กอด,284
คางะ,284
เธฅเธธเธ,284
จะตาย,284
โทษ,284
ครบ,284
เอโค,284
ขอบอก,284
กำแพง,284
แ,284
เธกเธญเธขเธนเน,284
แฮวอน,284
เธขเธธเน,284
ทำอะไรเหรอ,284
เธธเธกเธ,284
เธฒเธจ,284
เธชเธฒเธ,284
ผมไง,284
เธตเธขเธงเน,284
หาง,284
โทรหาผมนะ,284
คาแมน,284
ผล,284
ขนม,284
อะไรของเธอ,280
คนใน,280
พ,280
แสงไฟ,280
ผมจะทำเอง,280
แนช,280
ตำรวจสากล,280
โร,280
ฟราน,280
จำนวนมาก,280
โลเรไล,280
ตายเหรอ,280
ใครบอกเธอ,280
กง,280
เธดเธกเธกเธตเน,280
ความ,280
อาชญากร,280
อะตอม,280
เธฅเธฑเธง,280
เธกเธงเน,280
มากๆเลย,280
เธดเธฅเธฅเธดเธ,280
ของโลก,280
เธฅเธดเน,280
กางเกง,280
ะ,280
หายใจออก,280
แกทำอะไรลงไป,280
ลามก,280
สดใส,280
โกบา,280
พอละ,280
ได,280
แซล,280
เธฃเธฐเธซเธฅเธฒเธ,280
เลค,280
เธฑเธขเน,280
เธญเธชเธนเน,280
เธฃเธฒเธฐ,280
เทจ,280
ตายโหง,280
กรกฏาคม,280
ไหว,280
ตลอดเวลาเลย,280
รวย,280
สเตน,280
นายทำอะไรนะ,280
เธชเธฑเธกเธ,280
อดทน,280
ขยะแขยง,280
เราสามคน,280
เพราะเขา,280
บางเวลา,280
ห,276
เธฅเธธเน,276
จะมา,276
กอน,276
เกท,276
เธฒเธชเน,276
โบบา,276
เธอไปไหน,276
ทาเคโอะ,276
เขาไป,276
เราหรอ,276
แปลกใจ,276
วางเขาลง,276
เคส,276
เธอโอเค,276
คลอส,276
แหงละ,276
พวกเขาทำอะไร,276
นายทำอะไรของนาย,276
บอๆ,276
ซวยละ,276
เธซเธฑเธงเธ,276
หลงทาง,276
อะไรฮะ,276
ออกรถ,276
ถอนใจ,276
หายากมาก,276
ตำรวจมา,276
ฉลาม,276
เธกเธซเธกเธฒเธขเธ,276
ไปเลยไป,276
ๆเลย,276
เธซเธฑเธ,276
หมดเลย,276
คนบางคน,276
เคตะ,276
ชมรม,276
เธฒเธฉเธ,276
นสพ,276
ฮาว,276
ทา,276
แผนก,276
ผมไปนะ,276
หลาย,276
เซอ,276
ปล,276
และสาม,276
ไร,276
มาทำอะไร,276
ภรรยาของเขา,276
หมด,276
แคช,276
สแกน,276
เธฅเธงเธฃเน,276
ทราน,276
จอส,276
เธฒเธซเธฒเธ,276
เธฉเธจเธนเธ,276
ราฟ,276
เราอาจจะ,276
โทโมโกะ,272
แครช,272
เธฒเธฃเธญเธฐเน,272
จะไป,272
ไรวะ,272
คณะกรรมการ,272
กอดเธอ,272
โดน,272
เธดเธงเน,272
เรแกน,272
เธฃเธฒเธขเธฑเธ,272
โมราเลส,272
บะ,272
และพวกเรา,272
วางแผน,272
เธช,272
เธงเธฒเธกเธซเธงเธฑเธ,272
ดวงดาว,272
บทบรรยายไทย,272
เธฃเธฑเธงเธ,272
เทด,272
เธฒเธชเธด,272
สงบ,272
ไซเรน,272
พวกเราไป,272
จรวด,272
ดวง,272
นอนซะ,272
เอบ,272
เธฃเธฒเธฐเธงเน,272
ทรอน,272
ฟรานเซส,272
เธฒเธฅเธ,272
พาเขาออกไป,272
เธฃเธฒเธกเธตเธ,272
เราไป,272
ฮาราดะ,272
ซาวาโกะ,272
เขาโอเค,272
ถอดออก,272
กลอง,272
ตามหาเขา,272
เธชเธฐเธ,272
รอแปป,272
ความสนใจ,272
แกะ,272
คอสตา,272
เลม,272
ราช,272
พวกเราขอโทษ,272
ตายซะเถอะ,268
เหอๆ,268
ไปไป,268
เอาออกมา,268
อะฮะ,268
รอซ,268
โซดา,268
อะไรหละ,268
ไปทางไหน,268
สเตฟ,268
เธกเธฒเธฃเน,268
อาจ,268
ประชากร,268
หรอกเหรอ,268
อลาบามา,268
ทรยศ,268
ทำไมเหรอคะ,268
เรโน,268
ใจ,268
มองไปรอบๆ,268
โทโกะ,268
คาซามะ,268
เฟรยา,268
พวกเราจะ,268
ไปเอามาจากไหน,268
มงยง,268
ไต,268
เธฐเธฃเธฑเธ,268
เอาไง,268
เธอชอบ,268
ทาส,268
เลส,268
ขำ,268
เยอะแยะ,268
เบนเนท,268
เดรโก,268
กรกฎา,268
รวม,268
คนละ,268
เธฃเธฅเน,268
ทำอะไรลงไป,268
กรมตำรวจ,268
อาหง,268
คนของ,268
แดช,268
เธฅเธงเน,268
ฆาตรกร,268
นายมาสาย,268
โบแรท,268
ธอม,268
ตาเธอ,268
ไปเอา,268
โอโห,268
หอ,268
เธซเธฅเธทเธญเธ,268
เอามานะ,268
ตน,268
เธฃเธฃเธขเธฒเธ,268
ซารา,268
ไปตายซะไป,268
ชายหาด,268
เบลลา,268
แถวตรง,268
ฟา,268
เธฃเธตเธขเธกเธ,268
ทำอะไรของนาย,268
ปราสาท,268
คนเลย,268
เธงเธฒเธกเธฅเธฑเธ,268
ซาตาน,268
รอด,268
แปลไทย,268
เธฐเธชเธด,268
อาคาร,268
โคแนน,268
ไฟแดง,268
แลนซาลอต,268
หาา,268
นาโอโตะ,268
แผนอะไร,268
แพท,268
เอโรเว,268
โอกาตะ,268
เธซเธฃเธทเธญเธงเน,268
เธชเธฒเธขเธ,268
โมโต,268
เคาะ,263
เฮวอน,263
หลายคน,263
เพราะเรา,263
สตรอม,263
มาโอะ,263
ไปตายไป,263
ยามาโตะ,263
แคมโพส,263
เธฃเธฃเธก,263
ไปเหรอ,263
เธขเธทเธ,263
โอเช,263
พวกเขาทำ,263
โบราณ,263
เธฒเธขเธญเธขเธฒเธ,263
เธงเธกเธฑเธ,263
ผมเดานะ,263
ทนายความ,263
เดรก,263
นานๆ,263
ทำไง,263
เธญเธฃเธตเธ,263
เธฒเธญเธฒเธ,263
โอลาฟ,263
ปลายๆ,263
ฮานาโกะ,263
แผล,263
ขวบเอง,263
เธฃเธจเธฑเธ,263
สวน,263
จองวอน,263
แฮ,263
ผมขอแนะนำ,263
แหะ,263
ชใ,263
จากเธอ,263
เธฃเธญเธขเน,263
เรเวน,263
เราเคย,263
การทดสอบ,263
เธฃเธฃเธ,263
โชโกะ,263
เจอโรม,263
เธฅเธฒเธฃเน,263
ซาล,263
ตาบอด,263
ทะเลสาป,263
คอ,263
เธงเธตเน,263
เธอทำอะไรของเธอ,263
จากไหน,263
เธดเธฅเธ,263
อาซาโกะ,263
เธณเธขเธฑเธ,263
โรยา,263
แหลม,263
เธชเธงเธ,263
มาซาโตะ,263
เธญเธฃเธนเน,263
เพน,263
โพไซดอน,263
เธอฉลาดมาก,263
ตำรวจเหรอ,263
ซากาโมโตะ,263
เธฅเธญเธตเธช,263
ไทย,263
ตานาย,263
โมโห,263
อพยพ,263
โรงงาน,263
วาคาบะ,263
เจม,263
แมนเดรก,263
ตอบคำถาม,263
ไกลออกไป,263
เอรากอน,263
ลงมาเถอะ,263
แคนยอน,263
ในระยะ,263
ประการ,263
ออกอากาศ,263
คายออกมา,263
ผมจะบอก,263
แสงแดด,263
โทโมยะ,263
โอเคฮะ,263
เธงเธฒ,263
มาโดยตลอด,263
แทง,263
เธฃเธต,263
เธอนะ,263
เธฒเธกเธตเน,263
เราขอโทษ,263
เธซเธธเธ,263
ไอดาโฮ,263
แจฮา,263
แคโรล,258
โปโล,258
เธชเธทเธ,258
เปเรซ,258
ภาพวาด,258
ตลกมากเลย,258
รอคอย,258
โอววว,258
คาเอเดะ,258
ศจ,258
ของปลอม,258
งานเหรอ,258
ไปเถอะนะ,258
โอเคๆๆ,258
โบซอง,258
ยช,258
ฮวางแทคยอง,258
ไปนะคะ,258
แอกเนส,258
เขาจะทำ,258
ฯลฯ,258
ขอโทษเหรอ,258
บท,258
หายนะ,258
โดยตรง,258
โอยย,258
ซวย,258
แสดง,258
ทำไมฮะ,258
มก,258
แตงโม,258
กลาง,258
ไหมคะ,258
เธซเธฅ,258
แดนชำระบาป,258
กระทง,258
ตายไป,258
ฮาย,258
ความจำ,258
เธกเธตเธงเธฑเธ,258
เธญเธฐเธ,258
วอง,258
สาขา,258
ฮานาโมโตะ,258
เธซเธฑเธงเธซเธ,258
โทรเลย,258
เชาเชา,258
เธดเธกเธ,258
ตะหาก,258
เธฒเธขเธญเธตเธชเน,258
เธงเธฒเธกเธฃเธฑเธ,258
ซาโยนาระ,258
เธดเธฅเธฅเธตเน,258
เธฒเธช,258
เธตเธกเธฒเธ,258
ขำๆ,258
เธญเธดเธ,258
สามคน,258
เธณเธฅเธฒเธขเธ,258
วางสาย,258
เสมอมา,258
สะอาด,258
เธฑเธจเธ,258
เธญเธงเธ,258
เฉา,258
ทเวน,258
เธฃเธญเน,258
คาเนะดะ,258
อนา,258
บนโลก,258
เธฅเธตเธ,258
ซอส,258
เอาละๆ,258
ไอแซก,258
และผมขอโทษ,258
ทำไมนะเหรอ,258
เธชเธกเธธเธ,258
หาเขา,258
เธญเธฒเธงเธธเธ,258
พวกตำรวจ,258
โซตะ,258
จาโร,258
เธอหายไปไหนมา,258
โซฟา,258
โท,258
นายทหาร,258
เบลโล,258
เงา,258
ไปหาเขา,258
เธอมาจากไหน,258
ขโมยรถ,258
ในโรงพยาบาล,258
ไปไกล,258
ขวบนะ,258
เธชเธกเธญ,253
เธซเธฒเธฃเธ,253
เธขเธญเธกเธ,253
คาไซ,253
เธฅเธฑเธงเธ,253
กราแฮม,253
เธฐเธกเธตเน,253
และเออ,253
เธธเธขเน,253
แลงดอน,253
มอแรน,253
เธฅเธตเธขเธฃเน,253
เธกเธกเน,253
เธฒเธขเธญเธขเธนเน,253
จำเลย,253
เธฒเธญเธญเธ,253
ไนเจล,253
จดหมายลาออก,253
ไหวไหม,253
ดงแฮ,253
เธฐเธซเธฒเธ,253
ไปเลยๆ,253
ฮอกไกโด,253
เธฅเธชเธฑเธ,253
การโกหก,253
หวาดระแวง,253
ปอด,253
แหมๆ,253
เอาไปซะ,253
อวกาศ,253
สด,253
เธญเธญเธฃเน,253
ลอเรลไล,253
ขอโทด,253
ผมควรจะ,253
บาดา,253
โกง,253
ไซโตะ,253
ฮาเดส,253
แคโรไล,253
ฉาก,253
เธอจะตาย,253
เเซม,253
เอาเธอออกไป,253
ๆๆๆๆ,253
มาตรา,253
เราเอง,253
เคนเนท,253
ฟรอนฮอเฟอ,253
แหงแซะ,253
เธกเธฒเธข,253
และตาย,253
เธฐเธชเน,253
บอกตรงๆนะ,253
โรโบ,253
โรค,253
จาบาล,253
โดะ,253
ระยะทาง,253
ซาโอโตเมะ,253
เลวมาก,253
โรน,253
งานพรอม,253
เอามาจากไหน,253
คลาค,253
แจค,253
คงจะ,253
เธฒเธฅ,253
เบรนเนน,253
แสดงโดย,253
มาโคโตะ,253
เธฅเธญเธฃเน,253
แองเจล,253
เผา,253
เธฃเธดเธชเน,253
เธฅเธฃเน,253
ชอบเหรอ,253
เอามาเลย,253
ในตอนจบ,253
งดงามมาก,253
เพลงประกอบ,253
เคนเซ,253
เธงเธงเน,253
โฮม,253
คาดาจ,253
เธญเธดเน,253
คนสารเลว,253
วอเรน,253
เธซเธขเธทเน,253
โจเอล,253
เธอจะมา,253
มานานแสนนาน,253
วอลดอฟ,253
และภรรยา,253
แกลลอน,253
จากเขา,253
ทำใม,253
ในความทรงจำ,253
คอย,253
เพล,253
เหรอไง,248
ชอล,248
บทความ,248
รอง,248
เธงเธฅเน,248
เหมาะสม,248
เรฟ,248
จำ,248
พวกไหน,248
บอยแลน,248
เราควรจะไป,248
ของประเทศ,248
ดาวตก,248
เถอะนา,248
เธฃเธดเธชเธธเธ,248
กลต,248
เธกเธฃเธดเธ,248
กลางๆ,248
กฎหมาย,248
ฟอลโคน,248
แคเรน,248
โกรธเหรอ,248
เอสโป,248
เธงเธฒเธกเธชเธ,248
สงบลง,248
แฮะ,248
ธรรมดาๆ,248
แอลเจ,248
ดม,248
เจออะไร,248
แอสโตร,248
นายกฯ,248
เธงเธฅเธ,248
นายมาทำอะไร,248
แควก,248
แฟนของเธอ,248
เฮฟ,248
ผมควร,248
ไฮโดรเจน,248
เธฃเธงเธกเธ,248
ซางโฮ,248
เบรท,248
ไฮดรา,248
เธฐเธงเธฑเธ,248
เธญเธฅเธฅเธดเน,248
นางแบบ,248
เชล,248
นายหายไปไหนมา,248
พวกเขาโกหก,248
ทำอะไรวะ,248
มองผมนะ,248
ทราย,248
มาทำไม,248
ฟอนเนกรา,248
โทรหาเขา,248
ซานเชส,248
แบง,248
ผมชอบเธอ,248
ผมทำงาน,248
เขาไปทางไหน,248
ขอแนะนำ,248
ขอบ,248
เรนโจ,248
แอลเลน,248
อะไรฟะ,248
ผมจะโทรหา,248
และแก,248
สเลด,248
กบฏ,248
เธอสวยมากเลย,248
เธญเธฑเธจเธงเธดเธ,248
คง,248
เธญเธซเธ,248
นอก,248
มาโน,248
แรงๆ,248
การทำงาน,248
เธซเธกเธฒเธขเน,248
เธซเธนเธ,248
เดค,248
เหยา,248
เซล,248
ฮอดเจส,248
ในนาม,248
เธชเธฒเธขเน,248
มาในมาใน,248
ทาเกโซ,248
เอสเจ,248
เฮชาน,248
เธฃเธดเธฉเธฑเธ,248
เธญเธญเธฐเน,248
ตลกละ,248
พวกสาวๆ,248
เดจา,248
ดองจา,248
ตาเถร,248
ศ,248
เธฒเธขเธกเธฒเธ,248
กก,248
ผมเอา,248
พอใจไหม,248
โรล,248
โดเรมอน,248
แบรนแนน,248
ฐาน,248
ขอสาย,248
ออกไปๆ,248
จบเกม,248
ครบรอบ,248
คนเรา,248
เธอละ,248
ผมลาออก,248
บายบาย,248
เราโอเค,248
ผมแซม,248
เธฅเธนเน,242
นศ,242
พวกเราโอเค,242
กรมฯ,242
ประหลาดมาก,242
เธซเธฅเธฐเธ,242
แผนการ,242
พวกทหาร,242
แนท,242
ออกไปเลยนะ,242
ตามมาเลย,242
เราลอย,242
ตกลงๆ,242
ควร,242
ไพเรต,242
แรคแฮม,242
เธนเธชเธด,242
ตกปลา,242
กรอสแมน,242
คาเมลอต,242
เดนเซล,242
เธฅเธฒ,242
ตอบคำถามมา,242
พาเธอออกไป,242
โทรหาเธอ,242
เธซเธฒเธฃ,242
ในภาพอนาคตของผม,242
เธจเธฉเธ,242
นายตาย,242
เธขเธฒเธขเธฒเธกเน,242
กาวอน,242
ขอโทษเถอะ,242
โลกของเรา,242
ดวงตา,242
เขาโอเคไหม,242
เอซ,242
การทดลอง,242
ตามเธอไป,242
ตรงกลาง,242
แอนโทน,242
ผมจะไปเอง,242
สวยๆ,242
แผนกฆาตกรรม,242
เคนดอล,242
เพลงของ,242
ซง,242
พวกเขาตาย,242
เธฐเธขเธฑเธ,242
เขาฉลาดมาก,242
โทดนะ,242
เดสมอน,242
ทำไมอะ,242
ไปทำอะไรมา,242
แขวนบน,242
ลำบาก,242
แหง,242
ฮอเรซ,242
แม,242
โคลน,242
แบล,242
แบลส,242
เธฒเธขเธฃเธนเน,242
สนง,242
เธฃเธฒเธกเธตเน,242
ลดลง,242
เธฃเธฒเธข,242
เธขเธกเน,242
ผมอาจจะ,242
เชม,242
เธจเธนเธ,242
ทำไปเลย,242
หลานชาย,242
เธขเธธเธ,242
เธชเธงเธขเธ,242
ในสายตาเธอ,242
ผมเจอ,242
ขอโทษซะ,242
เธกเธทเธญ,242
นายเหรอ,242
สวยนะ,242
ไปตลอดกาล,242
เจอไหม,242
เธอเอง,242
คอน,242
เธตเธขเธฃเน,242
ทดลอง,242
ตะโกนเลย,242
รขย,242
เธญเธฒเธกเธฑเธ,242
ยามาโมโตะ,242
มหา,242
เธฒเธกเธฅเน,242
สวยมากๆ,242
เอเลนา,242
ไซออน,242
เอย,242
นายมาจากไหน,242
ออเดร,242
หลงทางเหรอ,242
และตลอดไป,242
เซา,242
ของเราเอง,242
โอเคโอเค,242
คนของผม,242
เธญเธตเธชเน,242
เธฃเธฒเธฐเธซเน,242
โทรหาตำรวจ,242
เธฅเธง,242
ซอก,242
ซาระ,242
แสนวอน,242
ปาสคาล,242
เสนอ,242
ผมมาจาก,242
ตามหาเธอ,242
ไงวะ,236
ฮอน,236
ตำรวจเลว,236
เขาสามารถ,236
ภาพอนาคต,236
เลมอน,236
บาเนส,236
ออกไปจาก,236
สเตท,236
วาด,236
ดอเค,236
มองหา,236
จาคอบ,236
แฟนสาว,236
โดโลเรส,236
คนรวย,236
แมนเดซ,236
นวด,236
ชอบอะไร,236
แล,236
โรคระบาด,236
เขาโทรมา,236
โอกะ,236
ราน,236
ฟรอส,236
เธฒเธซเธฅเธตเน,236
ทรงผม,236
หยด,236
เยสสส,236
ตรวจ,236
นาเนะ,236
เออใช,236
ทานเลยนะ,236
เธงเธญเธ,236
พาเลซ,236
ในลอนดอน,236
เมนเดล,236
ในเขต,236
เธญเธธเธฅเธ,236
คนหลอกลวง,236
แมลงสาบ,236
เนย,236
เขาทำงาน,236
ลานจอดรถ,236
โดฟ,236
ผมตกใจ,236
โอเคร,236
ผมโกรธ,236
วลาด,236
ราเจช,236
ทำไปเถอะ,236
เธอจำ,236
ราเวน,236
พวกเขาจะตาย,236
ไปทำอะไร,236
ลงไปเลย,236
อายาเมะ,236
เลนนอน,236
วางลงซะ,236
วากา,236
ฮโย,236
ใครจะไปสนใจ,236
แกรแฮม,236
แฮนเซน,236
ลอย,236
เธอควรจะ,236
ไว,236
เทา,236
จะมาไหม,236
ตาของเธอ,236
เธฃเธทเธญ,236
เธฃเธฐเธชเธ,236
ลงมาเลย,236
กระทรวงกลาโหม,236
งานของผม,236
อาละวาด,236
มอย,236
โรด,236
เทนโด,236
เธฃเธฐ,236
ไพรมาเทค,236
เธธ,236
ตกลงคะ,236
เมล,236
หลาน,236
เธฃเธฐเธกเธฒเธ,236
เธฒเธกเธซเธฒเน,236
คนธรรมดา,236
แมดเดน,236
ทำไมหรอคะ,236
และจากไป,236
นำ,236
คนขาว,236
ผอม,236
เธญเธกเธฑเธ,236
กระจายออกไป,236
โทมะ,236
แปลกมากๆ,236
สนใจ,236
เขาเหรอ,236
เพราะมาก,236
นายไป,236
เธฎเธฑเธฅเน,236
เธญเธซเน,236
อามาโนะ,236
เขาไง,236
พาส,236
เธญเธชเธฑเธ,236
ไปไหนคะ,236
แฟนเธอ,236
จะทำไม,236
เธญเธชเน,236
เธซเธฃเธตเธขเธ,236
เปาโล,236
เธญเธญ,236
เธฅเธญ,236
อะไรยะ,236
เธญเธธเน,236
ละคร,236
อาเนโกะ,236
ทาคาโกะ,236
ชอยยองโด,236
เคารพ,236
โหว,236
ดงเฮ,236
เธซเธฅเธญเธ,236
พอใจ,236
เธอมาสายนะ,236
เธซเธฃเธญเน,236
จะบอก,236
ภายในเวลา,236
ทำไมเรา,236
เธฒเธชเธธเธ,236
เธฃเธถเธ,236
เธซเธดเธ,236
ทราเมล,236
เธฎเธญเธ,236
แนน,229
เธฃเธฒเธชเธฒเธกเธฒเธฃเธ,229
พวกเขาตายหมด,229
ฟลานาแกน,229
เธฃเธฃเธกเน,229
เธอเองเหรอ,229
เธกเธกเธตเธ,229
สายลม,229
เนส,229
เธตเธกเธ,229
ฟ,229
เออะ,229
เอาเลยพวก,229
โยตะ,229
เธญเธฅเธฅเน,229
จะทำอะไรนะ,229
ฆาตรกรรม,229
เธซเธธเน,229
ไอวาน,229
เพราะพวกเขา,229
ขอโทดนะ,229
เธตเธจเธฒเธ,229
โปรเจค,229
พวกเขามา,229
เธชเธณเน,229
โคมไฟ,229
โฮโช,229
ผมเมา,229
ทาโกะ,229
ฮยอก,229
โยคะ,229
เธกเธชเน,229
มองๆ,229
การทอดถอนใจ,229
ถอดเลย,229
อาน,229
จงหายไป,229
เรามาจาก,229
ถอดออกซะ,229
ผมสนใจ,229
เขาพยายาม,229
จองแด,229
เนน,229
สำรอง,229
เธดเธฅเธชเธ,229
ผมแดง,229
โคโลเนล,229
ในสนามรบ,229
ทารา,229
ฮานาโซโนะ,229
โกรธมาก,229
เชง,229
คยอล,229
บายย,229
เฉยๆ,229
เราทำอะไร,229
ในภาพอนาคต,229
เปโดร,229
นายจะตาย,229
พระชายา,229
เธขเธถเธ,229
เธฒเธฃเธขเน,229
อวแรม,229
เธฃเธดเธงเธ,229
ซาโตโกะ,229
ในสงคราม,229
จายอง,229
ผลงาน,229
แทยอน,229
ถอยไปๆ,229
จะชนะ,229
จาน,229
รายแรก,229
เขาโกรธมาก,229
ใครตาย,229
พอไหม,229
ในโรงแรม,229
รถสวย,229
มาหา,229
พวกเราเอง,229
เธอเคย,229
ราเมน,229
ความยาว,229
เทรฟ,229
งานศพ,229
ทำความสะอาดซะ,229
ตกลงมา,229
มาสาย,229
แนะนำ,229
ฟอเรส,229
ฎใ,229
เฟย,229
เธงเธฅ,229
เธซเธกเธงเธ,229
บยอง,229
ยาโนะ,229
จองคยอง,229
ผมสาบานเลย,229
ซาโยะ,229
พวกเราชนะ,229
ผมชอบมาก,229
ใครบอกนาย,229
นายอยากจะ,229
ขอโทษทำไม,229
เขาเคย,229
เธซเธงเน,229
เยสส,229
ไทเรล,229
คนของเรา,229
ของเธอเหรอ,229
หายใจแรง,229
แรนเดล,229
คำถามแรก,229
ปลาวาฬ,229
ชเว,229
เธชเธฑเธขเธงเน,229
ทำงานอะไร,229
มาสายนะ,229
ไซโซ,229
เราทำอะไรลงไป,229
เธญเธขเธชเธด,229
แจยค,229
คาแซน,229
เดน,229
มหาศาล,229
เขาโกรธ,229
สปา,229
สตาฟ,229
แชะ,229
คอง,229
เดธ,229
พฤษภา,229
นายชอบ,229
เธดเธฅเน,229
เมน,229
ซอด,229
โบเลน,229
ทองคำ,229
ตอนผม,229
โซน,229
เธฃเธฒเธกเธฒเธ,229
เจเดน,229
เธฐเธชเธฒเธกเธฒเธฃเธ,229
เธซเธฒเธญเธฐเน,229
โอดะ,229
เกรแมน,229
รบกวน,229
แตะ,229
ในลานจอดรถ,229
แจส,229
เทปเป,229
รายงานมา,229
ฮานาโอกะ,229
เธงเธฃ,229
เราจะออกไป,229
หายไปซะ,229
ออกๆ,229
ไฟฉาย,229
เธฐเธซเธ,229
เธชเธฒเธก,229
เธญเธกเธฒเธ,229
โกเบ,229
ดงจา,229
โอไรออน,229
เขาจะมา,229
เพลท,229
อาาาา,229
เธกเธกเธฒเธ,229
เธญเธญเธญเธ,229
เธฒเธชเธฑเธ,229
เธฒเธฅเธนเธ,229
เขาเมา,229
ทำใจซะ,222
ใจแคบ,222
ฆาตกรรมเหรอ,222
แขวนคอ,222
หลบไปซะ,222
เธญเธกเธฑเน,222
เธญเธงเธฒเธ,222
เธงเธญเธฅเน,222
นอกใจ,222
เมฮรา,222
เธชเธทเธญเน,222
เธฅเธญเธฃเธตเน,222
จะไปไหนนะ,222
เจนนา,222
เอทโตะ,222
โชโง,222
เธงเธฒเธกเธชเธฒเธกเธฒเธฃเธ,222
เธอจากไป,222
ยากจน,222
จะไปไหนหรอ,222
กระ,222
โลหะ,222
เธซเธฅเธฒเธขเธ,222
ผมขอโทษฮะ,222
ทานโทษ,222
เธกเธญเธฃเธตเน,222
เธชเธทเธญเธ,222
เธชเธตเธ,222
นำทางไป,222
เลยนะคะ,222
เขาชนะ,222
เธงเธขเธญเธฐเน,222
ผมแปลกใจ,222
เอเบน,222
เธฃเธฅเธดเธ,222
โซเฮโด,222
เธฑเธงเธฅเธฐเธ,222
ควรจะ,222
มานาน,222
ใส,222
หลบไปเลย,222
ออกไปจากรถ,222
คนประหลาด,222
เธธเธกเธฒเธ,222
เบลด,222
การหายใจ,222
ความพยายาม,222
ในการทำงาน,222
เธอสามารถ,222
และเราจะ,222
เราจะพยายาม,222
เอเวน,222
โอเคคะ,222
เธฒเ,222
ผมทอง,222
มาโฮน,222
เธงเธฐ,222
เธงเธฒเธกเธชเธฑเธกเธ,222
พวกเราเหรอ,222
โคโลราโด,222
เวลาประมาณ,222
อซาด,222
เธณเธชเธดเน,222
ความปรารถนา,222
เธดเธกเน,222
แฟนผม,222
คำขอโทษ,222
เลอฟรอย,222
แชคยอง,222
เลอรอย,222
ใครอะ,222
เธอหรอ,222
เธขเธฅ,222
เธฃเธถ,222
แตก,222
เธฒเธฐเน,222
พวกเราทำ,222
โดยเฉพาะเธอ,222
ผมคง,222
เธซเธฅเธทเธญเธญเธขเธนเน,222
เธฒเธชเธดเน,222
อายากะ,222
เธฃเธฒเธงเธ,222
วงกลม,222
และสวยงาม,222
นายเจออะไร,222
คาราโอเกะ,222
ยาเอโกะ,222
โฮดอง,222
เธซเธงเธฒเธ,222
สารภาพ,222
โกน,222
ในรายการ,222
เราจะหาทาง,222
เธอพยายาม,222
ผมขอลาออก,222
ฟง,222
เราจะชนะ,222
ฌอง,222
เธตเธขเธฃเธ,222
จวน,222
โยว,222
โซโตโคบะ,222
กรน,222
กฏ,222
เกราะ,222
เลเวน,222
ในนรก,222
นายมาสายนะ,222
เทซก,222
แรก,222
ซานาดะ,222
สะดวก,222
บอกเลย,222
การกระทำ,222
มอนโรล,222
เธฃเธชเธ,222
เขาทำอะไรนะ,222
ขอเหอะ,222
พวกเราจะทำ,222
ความอดทน,222
ไอแวน,222
ฮาๆๆ,222
โอกาสอะไร,222
อเดล,222
ลงใน,222
ยอม,222
ขน,222
บายนะ,222
สอน,222
ไปเอารถมา,222
แคนเดซ,222
ตอบผมมา,222
ขอบอกเลยนะ,222
ไปบอก,222
แฟลช,222
คนสองคน,222
ผมยาว,222
เธอจะไป,222
แองเจลา,222
อะไรหรอคะ,222
ทาเคโซะ,222
นายบอก,222
ไหนละ,222
จดหมายอะไร,222
แพง,222
โยโกรอฟ,222
ใครเหรอคะ,222
โอป,222
แฟนหรอ,222
ผมมาหา,222
แซลมอน,222
นกกา,222
เคต,222
โซแลนโด,222
แลง,222
ตรงๆ,222
บอกมาตรงๆ,222
ศาสนา,222
อยากลองไหม,222
คาราบาล,222
ตลอดทาง,222
แทยอง,222
เขาเอง,222
เขาบอกผม,222
เธอหายไปไหน,222
เลนนาด,222
โคซากะ,222
มาธา,222
ยองโพ,222
ทาดะ,222
แซน,222
เขาชอบ,222
เธฃเธดเธขเน,222
ใครละ,222
เธฉเธฑเธ,222
มากไป,214
ในโลกของเรา,214
เธณเธฅเธฒเธขเน,214
เธซเธฃเธทเธญเธกเธ,214
เธฐเธฃเธญเธ,214
ขนาดไหน,214
ยามาโนะ,214
นะฮะ,214
เธฃเธดเธชเธ,214
ครอกเกะ,214
อยากตายเหรอ,214
ทำไมพวกเขา,214
อาการ,214
เธดเธชเน,214
ตามเรามา,214
ไมรอน,214
โซจองคยอง,214
ไปโลด,214
ไอโกะ,214
ในราคา,214
กลาโหม,214
โอเรกอน,214
เคมเบล,214
มองหาอะไร,214
ความยากจน,214
เธชเธงเธข,214
เธญเธกเธนเธฅเธ,214
เธฅเธทเธกเน,214
โออ,214
สะโพก,214
แบรน,214
ผมของเธอ,214
ฮอต,214
ศตวรรษ,214
ราล,214
เหงา,214
ใชไหม,214
มาเอสโตร,214
เธออยากจะ,214
แจง,214
การหลอกลวง,214
เนรเทศ,214
นายพลาด,214
หลอดไฟ,214
ณอน,214
ผมตกลง,214
มากพอ,214
แดโซ,214
โอยยย,214
ตายหมด,214
บาท,214
มาหาผม,214
กบ,214
แอนา,214
ออน,214
บนถนนสาย,214
แฮโรล,214
เดคแคลน,214
เธอสวยนะ,214
นายไปเถอะ,214
โฮดง,214
โกรฟ,214
โอกาดะ,214
บาล,214
หลานๆ,214
จงมา,214
เธฒเธกเธญเธ,214
เธฃเธกเธฒ,214
เธชเธฒเธกเธตเธ,214
รอบแรก,214
เธฃเธซเธฃเธญเธ,214
ฉลาดนะ,214
ใครหนะ,214
งา,214
ทะเยอทะยาน,214
ของคน,214
แบมบาส,214
เดานะ,214
อาเบะ,214
อาจจะเหรอ,214
โพรโทส,214
ไมค,214
เธนเธฃเธ,214
เธชเธฒเธกเธ,214
เธฒเธกเธฑเน,214
ในศาล,214
เธขเธฃเธนเน,214
ฮายาโตะ,214
เธฑเธช,214
จาเนท,214
เธฃเธญเธตเธ,214
เธฅเธถเธ,214
ประการแรก,214
เธซเธงเธ,214
เลยแหละ,214
บอกผมนะ,214
อง,214
ภรรยาเขา,214
เธกเธทเธ,214
จนตาย,214
และฉลาด,214
แหมๆๆ,214
คนทำ,214
เธกเธตเธญเธขเธนเน,214
ความเหงา,214
ฯ,214
เธญเธขเธฑเธ,214
ตามกฎหมาย,214
เธชเธกเธญเธ,214
โชปรา,214
เธญเธกเธฒ,214
เธฒเธซเธกเธฒเธข,214
เธฒเธฐเธ,214
หยาบคายมาก,214
เธฃเธฐเธชเธฒเธ,214
เธฒเธจเน,214
สวนสาธารณะ,214
เธณเธญเธตเธ,214
เธซเธขเน,214
ตามพวกเขาไป,214
ทะเลทราย,214
ผมทำพลาด,214
จากโรงพยาบาล,214
เคยไหม,214
ประหาร,214
เราจะไปหา,214
เธออะไรนะ,214
ตรงเวลา,214
มาเลยๆ,214
หลง,214
เราควรไป,214
กระผม,214
เธออยาก,214
เขามาจาก,214
เอาหละนะ,214
โสโครก,214
มกรา,214
ในงาน,214
ใครเอาไป,214
นายจะไปไหนเหรอ,214
ตามสบายเลยนะ,214
เกรท,214
สเนป,214
นายละ,214
ขอบอกนะ,214
เธชเธฅเน,214
เอาไปทำอะไร,214
ถามเขา,214
เอรอน,214
เธฒเธชเธนเน,214
นายมาทำไม,214
ผมสเตฟาน,214
ในประเทศ,214
มองออกไป,214
กยอง,214
จากพวกเรา,214
โชว,214
ยาวนาน,214
เธญเธญเน,214
เวเกเนอ,214
โซโนดะ,214
นาม,214
เจอหลอก,214
ไปไหนเหรอ,214
มอ,214
มายองเนส,214
จองฮวา,214
ความสงบ,214
วาตะ,214
ไปๆๆๆๆ,214
มากเลยนะ,214
ออกจากรถ,214
ขนมหวาน,214
แวง,214
เหมาะ,214
นอกจากเธอ,214
เขาจากไป,214
เบาะแส,214
หลอก,214
ผมขอเสนอ,214
เธฃเธญเธฐ,214
เลเวล,214
เธอมาทำไม,214
พาเทล,214
รองประธาน,214
คนของเขา,214
ไวแอท,214
หายไปหมด,214
ไอออน,214
ลมหายใจ,214
นกกระจอก,214
คนอะไร,214
ยากมาก,214
ครวญคราง,214
ตรงเผงเลย,214
ของประชากรโลก,214
ตามแผน,214
และรอ,214
เเพร,214
รอบโลก,214
ชก,214
การทรยศ,214
คลอด,214
และโจ,214
นำแสดงโดย,214
คยองเอ,214
และความตาย,214
ออกมาซะ,214
บอ,214
ผลการตรวจ,214
ไปนอน,214
ราเคล,214
หอก,206
เมท,206
โบทอส,206
เลา,206
ตามตรงนะ,206
ฮาๆ,206
ไปทำงานซะ,206
ฟอลลอน,206
และเวลา,206
คอนสแตน,206
ของพวกเธอ,206
หนอน,206
ผมทอม,206
ถามคำถาม,206
ภาพหลอน,206
กาแฟดำ,206
มาราธอน,206
เฮเวน,206
อยากไป,206
แหนะ,206
โมโจ,206
เฮะ,206
พาพวกเขาออกไป,206
รำคาญ,206
ขาผม,206
หาาา,206
เธอไปเอามาจากไหน,206
ไปโทษ,206
โจฮาน,206
เฮนา,206
แฟลต,206
แจน,206
ฌ,206
สกอต,206
เขาทำไม,206
และเธอตาย,206
ไรตะ,206
ทำอะไรหนะ,206
แชรยอง,206
กราฟาส,206
ใครวาง,206
เรดแมน,206
ตกงาน,206
กฏหมาย,206
นาเบะ,206
พวกนายทำอะไร,206
เขาหายไปไหน,206
หางานทำ,206
ตามใจนาย,206
เธอแบบ,206
คาวานอฟ,206
ตอนอวสาน,206
สอบสวน,206
โดยประมาณ,206
เอาวะ,206
พระเอก,206
เธตเธขเน,206
เธธเธฃเธ,206
เธญเธญเธขเธฒเธ,206
เธญเธทเธกเธก,206
เธอเมา,206
เหมาะเลย,206
เธฒเธญเน,206
เธซเธญเธ,206
เธนเธกเธดเน,206
โฮเทล,206
และอาจจะ,206
กงอาจอง,206
เธกเธฃเธฑเธ,206
เบฟ,206
เบลลเฟลอ,206
เขาชอบเธอ,206
เพนตากอน,206
วาตานาเบะ,206
ทาน,206
ออกเดท,206
ไอรอน,206
คนงาน,206
เสมอๆ,206
ผมเองแหละ,206
ไฮบอล,206
อาโอยามา,206
เธกเธตเธญเธตเธ,206
การตรวจสอบ,206
เธฅเธตเธข,206
อะไรนะฮะ,206
จบลง,206
ระยะเวลา,206
จำนวนคนตาย,206
เธซเธง,206
แซชะ,206
เธฃเธฑเธกเน,206
แปบนะ,206
ขอบใจมากๆ,206
ผมไปละนะ,206
ฮอ,206
เธฃเธฃเธนเน,206
เธญเธฃเธตเน,206
เธฎเธฐ,206
เธฅเธฒเธขเธ,206
เธฅเธณเธ,206
มายากล,206
ไมโครเวฟ,206
เธงเธขเธฑเธ,206
ในแบบ,206
เธกเธฒเธญเธขเธนเน,206
เธขเธญเธฐเน,206
เดทเหรอ,206
เธฒเธงเธงเน,206
ตลกเนอะ,206
สเกล,206
เวฟ,206
โซฟ,206
แฟรง,206
ไปพบ,206
ถอด,206
เซเรนา,206
สกปรกมาก,206
เอาออก,206
จำลอง,206
เซท,206
เปราะบาง,206
เธขเธกเธ,206
คารา,206
เกรน,206
กระโดดเลย,206
คนเอง,206
เธฒเธกเธชเธ,206
บอช,206
และตลอดเวลา,206
ในตำนาน,206
จม,206
เอแวน,206
ขอไป,206
เธธเธก,206
เธงเธตเธขเธ,206
เธญเธฒ,206
เธฅเธงเธ,206
เชนเชน,206
เธตเธฅ,206
นากาโอะ,206
โคโน,206
เยอะแยะเลย,206
ไปไหม,206
เธจเธถเธ,206
และบอกตามตรง,206
แลนโก,206
วางสายซะ,206
เฮส,206
โฆษณา,206
โบร,206
ทำงานไป,206
ไอพอด,206
ลงไปซะ,206
เอก,206
ฟอง,206
ทำไมเขา,206
เธฒเธญเธ,206
แมด,206
เชค,206
ไซโกะ,206
เธตเธญเธขเธนเน,206
เธจเธฑเธ,206
เธฑเธฅ,206
เอาเลยนะ,206
เนคไท,206
แกทำ,206
ยวน,206
ตามสบายเถอะ,206
ความอดอยาก,206
โอเต,206
ของเวลา,206
ผมบอกเขา,206
ของพวก,206
เธกเธฒเธงเน,206
เธฒเธฃเธชเน,206
เพลงอะไร,206
ตาผม,206
ยอ,206
โบโน,206
ไอดะ,206
ฮาเซโอะ,206
ทานละนะคะ,206
โดรน,206
มาเถอะนะ,206
เธนเธซเธ,206
จะทำอะไรหนะ,206
แกไปไหนมา,206
เธฅเธทเธกเธ,206
ๅ,206
เธญเธกเธดเธฅเธตเน,206
แคนนาดา,206
นายควรจะ,206
คม,206
ไพ,206
ฮะๆ,206
ทอ,206
ไอซาวะ,206
เธฃเธฅเธ,206
เซด,206
เธกเธตเธชเธดเน,206
มาตรฐาน,206
เธฃเธฒเธฃเธนเน,206
เธฒเธขเธขเธฑเธ,206
เบรแนน,206
ใครชนะ,206
เยซอง,206
ชาม,206
นอกจากผม,206
ยายคะ,206
ชองวอน,206
โยน,206
ธง,206
เหอะๆ,206
โลฮาน,206
เขาแกะ,206
ผมมา,206
ของฝาก,206
บรรยายโดย,206
ในสวน,206
พวกเราสามารถ,206
บอกตรง,206
ฟอน,206
ความเคารพ,206
สองคำ,206
กำ,206
บรา,206
เธอตอบตกลง,206
เนด,206
สดๆ,206
นายไปเอามาจากไหน,206
พวกเขาจะมา,206
เธกเธดเธฅเธฅเน,206
หยะแหยง,206
เซรา,206
พวกเราจะไป,206
ไดอานา,206
เฟซ,196
หมายเลขสาม,196
ฮาเวน,196
ไหวนะ,196
เออๆๆ,196
สองใบ,196
เธกเธนเธฅเธฒเธ,196
ทำงานเหรอ,196
แดท,196
เพลงบรรเลง,196
เมตตา,196
ทามาโอะ,196
เธชเธฒเธฃเน,196
โทษคะ,196
ฮเยซอง,196
คาลเอล,196
เฮซอง,196
เทยอง,196
ผมอยากตาย,196
วรรค,196
เราไง,196
เซนา,196
วางเธอลง,196
โซกกะ,196
เฟยหลาน,196
สเตฟเฟน,196
โกรแกน,196
เขามาจากไหน,196
และในอนาคต,196
เหมาะมาก,196
เธฒเธซเธกเธฒเธขเธ,196
ฟราย,196
นานพอ,196
โกรเบน,196
เตยง,196
ยาอะไร,196
มาน,196
พวกเธอสองคน,196
ฝนตกในสเปน,196
โลมา,196
เธกเธกเธฑเธ,196
พวกเขาไปไหน,196
เธณเธญเธขเธนเน,196
บาสเกตบอล,196
หายไปเหรอ,196
ดาน,196
เธฒเธญเธตเน,196
ในอากาศ,196
ประชด,196
อวสาน,196
เทพ,196
ภายนอก,196
ในทะเลทราย,196
คนจน,196
เธอโทรมา,196
ฟอก,196
มาโฮะ,196
ประเทศของเรา,196
ฉลาดมากๆ,196
เคนเดล,196
ผกก,196
และอนาคต,196
ทานาทอส,196
บลาๆๆ,196
เธคเธ,196
เราพยายาม,196
ขอโทษหรอ,196
คาเมล,196
เธฒเธกเธซเธฒเธ,196
ชอยแฮรยอง,196
นายโกรธ,196
เซอร,196
ฮายาซากะ,196
ไปตลอด,196
ฮานนา,196
โอแคย,196
มาส,196
แพลนท,196
ผมเออ,196
ผมหลงทาง,196
เลขท,196
เวนเทรส,196
เธฎเธขเน,196
ทอเรส,196
เบรก,196
สถานะ,196
ขอเวลาผม,196
เฮตะ,196
ผมพลาด,196
เวลานอก,196
เขาจะโทรมา,196
เธดเธงเธ,196
เปโกะ,196
คารอล,196
เธณเธฅเธฒเธข,196
แบลค,196
ไบเซน,196
เขาสารภาพ,196
นะนะ,196
สบายใจ,196
ตลอดแหละ,196
เซโกะ,196
เฟล,196
คาราเมล,196
ทาเคนางะ,196
ตามใจเธอ,196
แผนของเรา,196
เอาเขาออกมา,196
ไ,196
สะกด,196
ตอนประถม,196
นายจะทำไง,196
โกล,196
บอกยาก,196
ไปรอบๆ,196
หมอก,196
เคเอสไอ,196
และพวก,196
จะทำไง,196
แซนบอน,196
กาแฟไหม,196
เขาอาจ,196
เฮอ,196
ทนายจำเลย,196
ตรงๆเลยนะ,196
จากนาย,196
ฮวง,196
เอจอง,196
อะบาวา,196
เมซ,196
หอยนางรม,196
วาเนสซา,196
บาบา,196
นายควร,196
เทอา,196
ถามทำไมเหรอ,196
โดยการ,196
เทต,196
ยอมซะเถอะ,196
เคอแรน,196
ลาเดน,196
คอนเท,196
เขาเอา,196
เจอละ,196
เธอโกรธ,196
เพราะแก,196
ปลาโลมา,196
คนมากมาย,196
นายอำเภอคะ,196
โหวว,196
เอาละพวก,196
ทานเถอะ,196
เดเรก,196
เขามาสาย,196
แกสองคน,196
เกบ,196
ทำไมแก,196
แตร,196
ซาลาม,196
กระเพาะอาหาร,196
จากใจเลยนะ,196
เธกเธตเธขเธ,196
เธกเธดเธฅเน,196
วอลเดน,196
ทศวรรษ,196
พวกเราบางคน,196
โอวาน,196
นายจะไป,196
ไปรอบ,196
โดยปราศจาก,196
บาบารา,196
โซโล,196
เธอออกไป,196
เธกเธขเธฑเธ,196
จากดวงดาว,196
หอคอย,196
โอโนะ,196
ประภาคาร,196
เธงเธดเธฅเน,196
เจออะไรเหรอ,196
คอลเลน,196
เจก,196
โจว,196
นายเคย,196
สารประกอบ,196
อะไรของแก,196
ๅฑ,196
กองปราบ,196
ดใ,196
สมควร,196
ผสม,196
เคนดรา,196
คนเลยเหรอ,196
เราทำงาน,196
อาคาเนะ,196
แปลกเหรอ,196
พาเขาออกมา,196
โอปา,196
เธซเธขเธดเธ,196
และใน,196
นำไปเลย,196
กายอง,196
โคฟ,196
เทคเคน,196
โศกนาฏกรรม,196
ยองแซ,196
เอด,196
คานาเอะ,196
เธฐเธกเธฒเน,196
เธชเธตเธขเธญเธตเธ,196
เธทเธญเธชเธดเน,196
คนหาย,196
เธฒเธฃเธกเธฑเธ,196
พวกเขาพบ,196
โวเกล,196
เธฒเธฃเธฃเธฑเธ,196
ขอกาแฟ,196
หมออาซาดะ,196
อะไรของแกวะ,196
เฮคแมน,196
แซง,196
มองไปรอบ,196
หาเธอ,196
หยง,196
เฮก,196
คราย,196
สอดแนม,196
เธซเธฅเธตเธ,196
โรงพยาบาลไหน,196
เบทแมน,196
เทศกาล,196
มาๆๆ,196
ไทโซ,196
เธฉเธฒเน,196
แซซ,196
ในเกม,196
เธฅเธทเธก,196
เอาลง,196
มาโลน,196
ประทานโทษนะ,196
ตลกมากนะ,196
อาแมน,196
เธญเธณเธ,196
มากพอๆ,196
กระจอก,196
นายจะทำอะไรนะ,196
เอาออกไปเลย,196
บาป,196
ซองวาน,196
คาเอล,196
ทำตามแผน,196
ปลาคาพ,196
คอม,196
บาม,196
เจเนท,196
กระดาน,196
เธชเธฒเธงเน,196
ทำผม,196
รถชน,196
หมาเลว,196
คงยาก,196
เธฃเธฒเธง,196
แกรม,196
ฮานาวะ,196
นอง,196
ผมตาย,196
ผมอยากไป,196
เอาไปทำไม,196
เจมมา,196
ไอสารเลว,196
และทำความสะอาด,196
เยอะๆ,196
เทรดสโตน,196
ยามาเนะ,196
มารดา,196
แนง,196
ผมนะเหรอ,196
ความโลภ,196
ไปเลยนะ,196
แรกๆ,196
เธญเธกเธฒเน,196
เราเจออะไร,196
เอาเขาลงมา,196
เธฑเ,196
พรอม,196
กาว,196
ไปคาบมา,196
เธซเธกเธนเน,196
เขาจะไป,196
จากใจ,196
เธอจะตายนะ,196
รถของ,196
พวกเขาหายไป,196
ฮาเซเบะ,196
เธฒเธซเธฃเธญเธ,196
เธกเธญเธญเธ,196
เราควรทำ,196
เธตเธฅเน,196
เธอบอกผม,196
ประธานชอน,196
หนาวมาก,196
โทษฮะ,196
แบท,196
บนชายหาด,196
ทอย,196
โทรป,196
ออสกา,196
ผมจะลาออก,196
โทรหาเรา,196
ของวง,196
เธขเธญเธฐ,196
ของทวด,196
เธชเธฒเธฃเธ,196
เธฐเธซเธขเธธเธ,196
พอสมควร,196
อะไรไหม,196
เธฅเธฐเธกเธฑเธ,196
พบศพ,196
เกรฟ,196
เธตเธชเธธเธ,196
อมตะ,196
ชมรมเบสบอล,196
แปลกประหลาด,196
ๆเหรอ,196
ความงดงาม,186
ฉลองครบรอบ,186
ผมจะไปหา,186
ราง,186
จาม,186
จะเอาไง,186
คาลเสเกน,186
เธจเธฃเธฉเธ,186
ลำบากใจ,186
เธตเธขเธกเธ,186
แปลกใจเหรอ,186
แฟนๆ,186
พวกเขาโกรธ,186
ถะ,186
นำเสนอโดย,186
พไรม,186
รถตำรวจ,186
ขอบใจๆ,186
แกเองเหรอ,186
อาไรนะ,186
แมวมอง,186
งาม,186
พวกเขาไปทางไหน,186
แวนเทรส,186
โทโมกะ,186
ดาวหาง,186
ลามะ,186
เธจเธฒเธชเธ,186
เธซเธฒเธขเธ,186
พาลาน,186
หมอบลงซะ,186
ๆคน,186
และภายใน,186
บอกใคร,186
โอโม,186
โกะ,186
ปชช,186
หอย,186
เธญเธชเธ,186
เธฃเธฒเธกเธ,186
เธฒเธญเธตเธ,186
พวกเราหรอ,186
เฉพาะ,186
ยาเหรอ,186
ทานานอส,186
งานเทศกาล,186
ภาระ,186
นายจะทำ,186
ถาด,186
ตร,186
รามอน,186
มาทำอะไรคะ,186
จบเพลง,186
เธฅเธญเธช,186
พระนาง,186
เธฑเธก,186
วอ,186
เธอจะไปไหนเหรอ,186
กดเลย,186
เขารอด,186
ดอท,186
จอมโกหก,186
เซค,186
แอนโทนอฟ,186
เซอราโน,186
นะๆ,186
และทำลาย,186
ไปตาม,186
ลาโรเย,186
ภาพลวงตา,186
อก,186
จำพวก,186
ดอจ,186
จะม,186
นายมา,186
เราหลงทาง,186
ระบบประสาท,186
มาวเบร,186
เธญเธดเธชเธฃเธฐเธ,186
เคด,186
ตรา,186
มาเชล,186
ในระยะเวลา,186
เธฅเธชเธฒเธ,186
โดแลน,186
ผมขอเวลา,186
ปราก,186
บนเกาะ,186
บาดแผล,186
นายแบบ,186
เซต,186
การทรมาน,186
โอมาฮา,186
ทางหลวง,186
ลงๆ,186
งานของเรา,186
หาว,186
หลวม,186
ผมจะเอา,186
เปนไง,186
ตามมานะ,186
ฮโยจอง,186
เอกเนส,186
จอมซน,186
คาจา,186
อาเชา,186
โอเคเหรอ,186
ฃใ,186
ดอนเนล,186
กรง,186
แปลกเนอะ,186
คลาน,186
หมอน,186
เทรซ,186
เธญเธฃเธธเธ,186
เล,186
กระวนกระวาย,186
จดหมายเหรอ,186
นอนซะนะ,186
สองแสน,186
เธฒเธฐ,186
รอบคอบ,186
กระดาษชำระ,186
วอดอฟ,186
เธซเธฒเธฃเน,186
อะไรๆๆ,186
เธชเธงเธขเน,186
เธงเธชเธดเธ,186
วางใจเถอะ,186
เธฒเธขเธญเธขเน,186
ตอนเวลา,186
คนลามก,186
เธญเธฒเธฃเธกเธ,186
เธขเธญเธกเธฃเธฑเธ,186
เธฅเธฑเธงเน,186
คงเพราะ,186
อาหาว,186
คนฉลาด,186
เธงเธฒเธกเธขเธดเธ,186
โรงนา,186
เขาเลย,186
เธฒเธกเธญเธฐเน,186
เระกะ,186
ทามะ,186
แยง,186
เธงเธฒเธกเธกเธฑเน,186
เธดเธฃเธฑเธ,186
แปลกมากเลย,186
โบแรม,186
โชอก,186
ผมหนาว,186
มะยามะ,186
เมโทรแมน,186
ฟอล,186
เธฃเธงเธฐ,186
ไปๆมาๆ,186
โฮแกน,186
สวอเรซ,186
เขาหลงทาง,186
ฮามอน,186
เธชเธฑเธขเน,186
เลยละ,186
ถามมาเลย,186
เธฐเธฃเน,186
เธฃเธฐเธชเธธเธ,186
ยกโทษ,186
เธญเธฒเธซเธฅเน,186
หมายศาล,186
ทำทาน,186
เขาบอกเหรอ,186
โอเคๆๆๆ,186
แผนสำรอง,186
ในการแสดง,186
เธฃเธฑเธชเธ,186
เทเรซา,186
ษ,186
จากผม,186
เธอชอบอะไร,186
ฉายา,186
บายยย,186
จากถนน,186
ฮอส,186
ผมนะ,186
พระมารดา,186
อานา,186
เฟส,186
แฮเสน,186
พาโลมา,186
ขอทาง,186
เธอจะทำ,186
เขานะ,186
แสนงดงาม,186
เราจะรวย,186
ตอนเกรด,186
ไงฮะ,186
เบาๆนะ,186
คำรามในลำคอ,186
คอนราท,186
เอโกะ,186
เราจะตามหาเธอ,186
ตำรวจหรอ,186
ในบางเวลา,186
ชะตากรรม,186
พใ,186
แคมเบล,186
โทรทแมน,186
เครา,186
โรเวอร,186
พวกเขาจะทำอะไร,186
เมด,186
เขาทำงานอะไร,186
ฝใ,186
เชสลาฟ,186
ผมคงจะ,186
การเจรจา,186
แฟนของ,186
แกลโล,186
คนดำ,186
เธญเธฅเธ,186
แมก,186
โอตโจะ,186
คนจำนวนมาก,186
พวกเราไง,186
ภาวนา,186
เธฃเธญเธญเธขเธนเน,186
โจโฉ,186
สองรอบ,186
ลงมานะ,186
เมนเดซ,186
ไดโปรด,186
เขาควรจะ,186
อะซากาวะ,186
เธชเธกเธฒเธ,186
นอนกรน,186
ออกไปจากถนน,186
ของเธอไง,186
เดแคลน,186
ไซไฟ,186
จะสนทำไม,186
ซาโกะ,186
เธฉเธฒ,186
คยองโฮ,186
กระโปรง,186
แสบ,186
ชายสองคน,186
ผมเจอเขา,186
ทอด,186
ถามอะไร,186
เราจะตาย,186
เธญเธช,186
โรงอาหาร,186
โนะ,186
หกคน,186
เธกเธฃเน,186
เกมเหรอ,186
มองตาผม,186
เปลวไฟ,186
สายฝน,186
เธญเ,186
เอซรา,186
อยากไปไหม,186
หากขาดเธอ,186
แคน,186
เธขเธฒเธกเธ,186
เธฐเธญเธตเธ,186
เธนเธกเธดเธ,186
เธฒเธขเธกเธฑเธ,186
ไปจาก,186
ไอดอล,186
ขำขำ,186
ปรารถนาเธอ,186
ซะเลย,186
สภา,186
เมเด,186
ในหลายๆ,186
ฟลาย,186
ยอดไปเลยนะ,186
โดรอนโจ,186
โรงพยาบาลเหรอ,186
ความสงสาร,186
ลาว,186
เธซเธฅเธงเธ,186
ความหมาย,186
โต,186
และอาหาร,186
ลด,186
เบม,186
แสนเยน,186
เธกเธดเน,186
สตาฟรอส,186
คำทำนาย,186
เธชเธฒเน,186
กะโหลก,186
เอาเธอไป,186
เธกเธฅเธ,186
เธดเธฃเธด,186
เคนไซ,186
ในปราสาท,186
เคยทำ,186
เธอจะทำอะไรนะ,186
อะโกมา,186
เธตเธซเธฅเธฑเธ,186
รอรอรอ,186
เขาคง,186
นายจะเอาอะไร,186
พวกเขาเหรอ,186
แมงปอ,186
ออเรน,186
เธขเธฒ,186
ขอละ,186
มะนาว,186
วานร,186
สาด,186
เธคเธฉเธ,186
อาท,186
เธดเธช,186
เพราะพวกเรา,186
เรเยส,186
บอกผมเถอะ,186
เธชเธธเธชเธฒเธ,186
ขอเถอะนะ,186
เธฑ,186
ของเธอเอง,186
ทานละนะ,186
กอ,186
โอยตาย,186
ผมงง,186
เธฃเธกเน,186
แซมบราโน,186
แสนคน,186
เออออ,186
เธอชอบเขา,186
เธซเธกเธฒเธข,186
กาแพน,186
ราชเลขาฮง,186
แสด,186
คำถามอะไร,186
คนของนาย,186
เวนทรา,186
เพดาน,186
แมวเหรอ,186
นโยบาย,186
ประจำการ,186
และจาก,186
เธกเธชเธ,186
เธฃเ,186
ซายากะ,186
โอวววว,186
ลาลาลา,186
อะไรของเขา,186
โรไฮด,186
เธกเธฒเธขเธฑเธ,186
เหมา,186
อาดะ,186
ราเมซ,186
ตลาด,186
โหลด,186
ใครบอกเหรอ,186
ชาจ,186
ความเมตตา,186
เธชเธฒเธข,186
ดวงตาของเขา,174
เธฃเธชเน,174
โบรา,174
เคออส,174
เธชเธฑเธขเธ,174
โทโด,174
ขอบใจนายมาก,174
อาว,174
เธอเมาเหรอ,174
โบโบ,174
ในกระจก,174
นางเอก,174
โครม,174
เธซเธฅเธฒเธขเน,174
เธฒเธฃเธญเธญเธ,174
ทำไร,174
โนว,174
เธซเธฑเธง,174
พรม,174
ยากเหรอ,174
มากอส,174
แคพ,174
แปลกๆนะ,174
หาทาง,174
นายนะ,174
ไซแนป,174
เดบ,174
โอบามา,174
เบรนดอน,174
โทน,174
บอกตามตรงเลยนะ,174
โฮเรโช,174
ศาล,174
สวยเหรอ,174
ทดสอบเหรอ,174
บาน,174
อนาคตของผม,174
เธฐเธชเธญเธ,174
เธอชอบนาย,174
ทำอะไรของแกวะ,174
ดาย,174
หายไปหมดเลย,174
เธญเธกเธตเธ,174
อายอง,174
มาไหม,174
บอกพวกเขาไป,174
แฮเวน,174
ทำตาม,174
ไปหาหมอ,174
ในโรม,174
ตามนางไป,174
เรย,174
หลบๆ,174
งานเอกสาร,174
เธญเธกเธนเธฅ,174
โซฮยอน,174
ชชชช,174
ราม,174
นากาโนะ,174
ลาฟาแยต,174
กางแขนออก,174
ชอคโกแลต,174
เคนโตะ,174
เคยเหรอ,174
คาโปว,174
ไซโค,174
ปลอด,174
เธซเธฃเธญเธงเน,174
สาเก,174
มามาก,174
นานแสนนาน,174
คำสาปอะไร,174
แพะ,174
รามอส,174
อาซาโตะ,174
เสมอเลย,174
วางลงเถอะ,174
เธฃเธตเธชเธงเธฑเธชเธ,174
เอมอน,174
เขาอะไรนะ,174
ขนนก,174
เธอเมามาก,174
เธทเธญเธงเน,174
เธธเธข,174
เธตเธญเธญเธ,174
เธขเธฅเธ,174
เธฃเธซเธ,174
ตำรา,174
พบเขา,174
จาโด,174
โถๆ,174
แดคแลน,174
เธกเธฃเธ,174
นาวาง,174
เอกสารอะไร,174
ทางแรก,174
เธขเธฒเธขเธฒเธก,174
นายอยาก,174
ซาวาจ,174
ไคโร,174
ไปทำงานเถอะ,174
เธดเธชเธนเธ,174
เธญเธญเธฒเธ,174
ในตลาด,174
อยากตาย,174
เผลอๆ,174
เธฃเธชเธฅเธฑเธ,174
เธกเธญเน,174
สภาพอากาศ,174
วาสเกซ,174
คนจาก,174
ไมทาเกะ,174
รวยมาก,174
เรอ,174
ซอนฮยอก,174
พวกนายสองคน,174
เธชเธงเน,174
ผมจะบอกเธอ,174
ชาแนล,174
ฮอค,174
ลำคอ,174
เธฒเธฃเธญเธขเธนเน,174
าหมาย,174
เธขเธญเธขเธนเน,174
ตามผมมาเลย,174
กฏของ,174
ตกลงๆๆ,174
โนแมด,174
เธฐเธญเธ,174
เธจเธฃเน,174
บาธ,174
อะำไรนะ,174
โฮเค,174
พวกเราจะไปไหน,174
พลาเนท,174
เธฃเธฐเธฃเธฒเธ,174
ตำรวจเฮเวน,174
ในตอน,174
ไนโตรเจน,174
คอลเลจ,174
เธฒเธขเธซเธ,174
เรม,174
ผมจะออกไป,174
ไก,174
ความทรมาน,174
ไขควง,174
สายตา,174
เธฅเธฐเธซเธ,174
ไปนอนไป,174
เธฒเธงเธฑเธ,174
เธฒเธชเธฒเธกเธฒเธฃเธ,174
เดป,174
หมอบลงๆ,174
เธซเธฅเธทเธญ,174
คอสลอฟ,174
เธฒเธขเธญเธณเน,174
เธกเธตเธฅเธนเธ,174
เธฃเธขเน,174
ครอโพราล,174
ถอยๆ,174
เธซ,174
เธซเธฃเธทเธญเธญเธฐเน,174
ใจสลาย,174
มาทำ,174
นะหรอ,174
อวาลอน,174
โอยามะ,174
แดโฮ,174
บนกำแพง,174
จากภายใน,174
เชท,174
บอกมาตามตรง,174
สองสามคน,174
เธอสวยมากเลยนะ,174
เธชเธฒเธง,174
โซระ,174
โฮวาด,174
ประจบสอพลอ,174
นาการะ,174
เธฅเธฒเน,174
โอมตจามะ,174
ขอบคณ,174
ลานา,174
รมต,174
เอาอะไร,174
เธญเธฅ,174
บรรยากาศ,174
รวบรวม,174
จากโลก,174
อะไรของนายวะ,174
คอนโทรล,174
เธงเธฒเธก,174
แปลง,174
หลบไปๆ,174
และทำ,174
นานมากๆ,174
เธชเธตเธข,174
เธญเธถเธ,174
ฮาโล,174
เธอตลก,174
ขวบเหรอ,174
เพลงเหรอ,174
ตามหาพวกเขา,174
เธฒเธขเธฅเน,174
เขามาหาผม,174
ผมขอไป,174
เฮอมาน,174
เธอลาออก,174
ผมแปลกใจนะ,174
ประเภทไหน,174
ใบลาออก,174
เขาโทรหาผม,174
คยองเท,174
อายาโนะ,174
หนวด,174
เธณเธกเธฒเธ,174
เทนมะ,174
เธอไปทำอะไรมา,174
เคลม,174
คนตะโกน,174
สำนวน,174
เดม,174
เธกเธฒเธขเธ,174
นานมากเลย,174
และทอม,174
และบางคน,174
ฮาวานา,174
เธฅเธก,174
ใครสนละ,174
บทสวด,174
เราตาย,174
มาโนโล,174
จะเอาไปทำอะไร,174
เยนนะ,174
เหะ,174
ยอล,174
ในฐานะตำรวจ,174
สองลำ,174
มรกต,174
แจคยอง,174
เธฃเธฃเธขเธฒเธขเน,174
ทางกายภาพ,174
จากเขต,174
ทหารกองกลาง,174
คำโกหก,174
นาว,174
ตกรอบ,174
ปลอม,174
จากนรก,174
ทาดา,174
พวกเขาอาจจะ,174
เธอโทรหาผม,174
ผมพลาดอะไรไป,174
นกนางนวล,174
รถสวยนะ,174
มอบลง,174
รอรอ,174
โตโตะ,174
เธอทำงานอะไร,174
เอาตรงๆเลยนะ,174
ยองเจ,174
เบบ,174
แรด,174
เอลลา,174
เธอบอกเหรอ,174
ในพวกเรา,174
เพชรพลอย,174
อะไ,174
โอออ,174
บอกเรา,174
บอกเรามา,174
หลอด,174
เขาออก,174
ทำเอง,174
แหะๆ,174
ฮาเลน,174
เธญเธฒเธกเธฒเน,174
โทรไป,174
ไปสะ,174
เธขเธฒเน,174
แซกซอน,174
สห,174
ตามรายงาน,174
แบกแดด,174
กระจกแตก,174
ราคาลดลง,174
ในกองไฟ,174
สองศพ,174
จะไปไหนวะ,174
อาหารทำเอง,174
เธตเธกเน,174
อนาคตของเรา,174
เขาทำอะไรเหรอ,174
โมนาโค,174
ตะกละ,174
ตามสบายนะคะ,174
และตอน,174
เธซเธฅเธฐเน,174
กลอสแมน,174
โยเฮ,174
อามาเนะ,174
หมอกแดง,174
รวมพล,174
ปตอ,174
จากการตรวจสอบ,174
ในสวนสาธารณะ,174
รายงานจาก,174
ทำเถอะ,174
แฝด,174
แหงหละ,174
เอาตรงๆนะ,174
คณะ,174
ขวบเองนะ,174
หางหนอน,174
เธญเธฒเธซเธฒเธฃ,174
โง,174
ตอ,174
รอแปบนะ,174
เธฐเธฅเน,174
หนาม,174
ปราเวซ,174
รถกระบะ,174
ชาวโลก,174
คาทารา,174
เธกเธตเธชเธฑเธ,174
ซาเนเทกอส,174
พวกนายจะทำอะไร,174
เธฃเธฑเธงเน,174
จะไปไหนหนะ,174
โคโม,174
เธอทำไม,174
สวด,174
นายชอบเหรอ,174
เกะกะ,174
เธชเธตเธซเธ,174
นายไปซะ,174
ๆนะคะ,174
โบอา,174
หมอเหรอ,174
สายตาเธอ,174
โอเ,174
ทำไปทำไม,174
โดม,174
อะำไร,174
เราจะตามหาเขา,174
เวบ,174
สวมหมวก,174
สอบตก,174
หากเราคอย,174
เธกเธขเน,174
โคลส,174
ถามมา,174
เทรด,174
โอชา,174
เธฐเธฎเธฒเธขเธฐเธ,174
รถผม,174
อะดอล,174
กระแทก,174
นามแฝง,174
เชลดอล,174
ออพ,174
โอมอก,174
โอเคนะคะ,174
สยอง,174
เธซเธกเธฒเธฐเธ,174
ผมโกรธมาก,174
ฮยอนอา,174
แฟนเธอเหรอ,174
วอนเหรอ,174
เธธเธกเน,174
หาอะไร,174
ขบวน,174
เธอชอบไหม,174
เขาวงกต,174
โปรดรอ,174
ของเหลน,174
เขาโกง,174
พวกเขาบอก,174
แฉก,174
สนใจทำไม,174
งามมาก,174
กอทแธม,174
แฮเมอออฟ,174
แซมเฮน,174
ของผมเหรอ,174
ปราศจาก,174
คาราโซ,174
นานมากเลยนะ,174
ฮาสซาน,174
ผมแดน,174
ของพวกเขาเอง,174
หายาก,174
โฮลา,174
ในสเปน,174
เขาสะอาด,174
เเก,174
ของฆาตกร,174
ของสะสม,174
เลยเนอะ,174
เธฃเธฒเธฐเธกเธฑเธ,174
สนทนา,174
กบฎ,174
รถหมายเลข,174
โรงรถ,174
แกไง,174
ซานซา,174
ใครจะ,174
คอล,174
รถอะไร,174
รอท,174
โคโนฮะ,174
กางเขน,174
เนาะ,174
เดทหรอ,174
ใครจะมา,174
จะพาผมไปไหน,174
เขาควร,174
แฮชาน,174
เธฃเธฒเธขเน,174
ชอบนะ,174
นายจะเอาไง,174
เบลอ,174
ผมจะตาย,174
จะเอาอะไรไหม,174
ชอบเธอ,174
อาซาด,174
ผมพอล,174
ทำไป,174
ฮยอนแจ,174
คาเนโกะ,174
เธฒเธงเธซเธ,174
โอะโอ,174
เธงเธฑเธฅเธ,174
วางซะ,174
สะใจ,174
เขาโมโหมาก,174
ทนายยอน,174
โบวแมน,174
ละครเพลง,174
เธฐเธฅเธนเธ,174
เธกเธญเธขเน,174
ไปลอนดอน,174
ฮอล,174
เว,174
แลน,174
ผมพบ,174
ประโยค,174
รอผมนะ,174
ความทะเยอทะยาน,174
เธฃเธซเธฑเธชเน,174
เธญเธฃเธญเธ,174
คนแบบ,174
แวม,174
ขอเสนอ,174
แฟนผมเอง,160
เธฒเธขเธกเธตเน,160
ในจดหมาย,160
โฟเยท,160
ขอโทษเธอซะ,160
แสงไฟถนน,160
และเธอจะ,160
ชำแหละ,160
ในระยะยาว,160
ยากมากๆ,160
บรอน,160
ตาสวย,160
ภาพอนาคตของผม,160
ไฟมา,160
กวอน,160
ไปตามถนน,160
สวยไหม,160
เธฃเธฑเธง,160
โอเคย,160
ฌอณ,160
สาธารณะ,160
เมฟ,160
เธฐเธฎเธฒเธขเธฐ,160
จลาจล,160
และงดงาม,160
คางคก,160
ลาครอส,160
ลาลาลาลาลา,160
บอกราคามา,160
ลาลาลาลา,160
ขอทายนะ,160
ถอดมา,160
ฮาช,160
ตามเคย,160
ผมจะโทร,160
เราขอ,160
ดอส,160
ตามรอย,160
อเบล,160
มวน,160
เราพบศพ,160
เธซเธกเธฒเธฐ,160
มอสโก,160
รก,160
ไฟเวล,160
หลงไหล,160
หมายความไง,160
พอเถอะนะ,160
เธอตกลง,160
สเนค,160
ผมชอบเขา,160
งานงอก,160
แมคเคลน,160
ชางโม,160
นายควรไป,160
เขาจะโอเค,160
เขาแบบ,160
โบราณมาก,160
ภรรยาเหรอ,160
ผมขอประกาศ,160
แฮค,160
ผมโทรมา,160
เธกเธกเธฒเน,160
เลก,160
นายเอา,160
ละโมบ,160
อาจเพราะ,160
เกมอะไร,160
แทค,160
สเตดแมน,160
นำไป,160
เราบอก,160
ของผมนะ,160
เธอขอโทษ,160
ออกมาๆ,160
หกขวบ,160
เธซเธกเธงเน,160
เรเบล,160
โพรเทโก,160
ทองแดง,160
และตรงไปตรงมา,160
เฮจอง,160
แหวนเหรอ,160
เธซเธกเธฒ,160
เราพลาดอะไรไป,160
และบอกตามตรงนะ,160
เขาโกหกเธอ,160
และฆาตกร,160
เธขเธกเธตเธ,160
ตามผม,160
สำรวจ,160
โอเรน,160
หนาวจะตาย,160
ตลอดเลยเหรอ,160
หมาเหรอ,160
โคโซ,160
ออกมาจากรถซะ,160
วางลงนะ,160
เธฐเธชเธ,160
แผนของนาย,160
เอว,160
เธฃเธฒเธญเธฒเธ,160
เราจะหา,160
มาครอส,160
ไปตามหา,160
เธฃเธงเน,160
เขาไปทำอะไร,160
จบจาก,160
พวกทาส,160
เธชเธกเธญเน,160
เกรช,160
หาหนทาง,160
ประสาทหลอน,160
ผมขอมอบ,160
เราเอา,160
ราคาแพง,160
แอ,160
ทะเลเหรอ,160
เธอจะมาไหม,160
เพราะผมเอง,160
โทรหาเธอซะ,160
ในประมาณ,160
เธฃเธทเธญเน,160
พาหนะ,160
แบรท,160
เธกเธซเน,160
แปลกไป,160
ในฐานะหมอ,160
โครนอส,160
แกชนะ,160
จอดเลย,160
มาเถอะพวกเรา,160
และชนะ,160
ฮาโรล,160
คนทำความสะอาด,160
เธฃเธฒเธซเธ,160
เธฑเธชเธ,160
แซมเหรอ,160
เดเคลน,160
สนาม,160
ตามกฏหมาย,160
พยายามจะ,160
เธกเธฃเธตเน,160
โคโช,160
ออกไปไกลๆ,160
มาจากอนาคต,160
หายใจหอบ,160
คนแปล,160
แมส,160
เธฃเธฒเธก,160
ไปตายซะเถอะ,160
ญ,160
เทว,160
ใจมาก,160
สามคำ,160
และตำรวจ,160
ลงนรกไปซะ,160
เธอไปทำอะไร,160
เธฃเธญเธขเธฒเธ,160
เธฃเธฃเน,160
โหด,160
นายทำอะไรวะ,160
โลเวล,160
เสา,160
งานของเธอ,160
เราพลาด,160
จากรายงาน,160
นายยอดมาก,160
สายไป,160
พวกเรามาจาก,160
ผมโมโห,160
มานานมาก,160
โอเชน,160
ลาส,160
มายกอด,160
เธฃเธฒเธฃเธ,160
ในระบบ,160
มากนะ,160
เธตเธฅเธฐเธ,160
แองเจโล,160
โจนา,160
เธฎเธฒเน,160
เธขเธกเธตเน,160
ในโครงการ,160
เธฒเธงเธดเน,160
เธฐเธกเธญเธ,160
คนหรอ,160
เอาชนะ,160
งานของ,160
เราตรวจสอบ,160
หมดไป,160
ประมาน,160
ทาเทอ,160
เดลาโน,160
และฆาตกรรม,160
บอนแฮม,160
เจโรม,160
มองเขา,160
ในเพลง,160
อด,160
นายอำเภอสวอน,160
มากาเรต,160
แทรป,160
เชคอฟ,160
เฟลลาส,160
หนาวนะ,160
ไวโอเลต,160
เมเทโอ,160
เธอควร,160
เธอถาม,160
สะดวกสบาย,160
เรารอ,160
ดอด,160
แพงมาก,160
บาสคอฟ,160
ตรงเผง,160
แฟนของผม,160
เอาเลยรอน,160
เราทำเอง,160
อกาธา,160
ไหนวะ,160
โยดา,160
โคช,160
เรนบอค,160
พวกเธอไปเถอะ,160
ไอเวร,160
ทำไมพวกนาย,160
แบก,160
ความกระหาย,160
ตำรวจตาย,160
จากใครบางคน,160
แดก,160
เยนเหรอ,160
ใสสะอาด,160
ทาฟเฟต,160
ออกนอกประเทศ,160
เธฃเธฒเธงเน,160
บอบบาง,160
เธงเธฒเธกเธชเธณเธ,160
เธญเธชเธดเน,160
ใครจะชนะ,160
เคจ,160
ชกเลย,160
แปลกใจไหม,160
เธจเธฉเน,160
ดาสทาน,160
ทำใจเถอะ,160
แบบถาวร,160
และจะ,160
บายฮะ,160
โววว,160
มมม,160
เธดเธฅเธฅเน,160
เธซเธน,160
ไปหาตำรวจ,160
หลอ,160
นรกเหรอ,160
เธฅเธฐเธญเธขเน,160
แปบ,160
ขอเวลาเรา,160
เออเนอะ,160
ราก,160
ในการ,160
ออกรถเลย,160
แกทำอะไรเขา,160
นายอาจจะ,160
อาจจะตลอดไป,160
ประ,160
เลยหละ,160
เพราะมากเลย,160
ภารโรง,160
โมงเหรอ,160
เธฃเธซเธฒเธ,160
ตามรายงานของตำรวจ,160
ทะเลาะ,160
ซาเวจ,160
นายฉลาดมาก,160
ตอนเขาตาย,160
เดลโก,160
นะเธอ,160
ทองๆ,160
โฮล,160
จะออกมา,160
สายนะ,160
แอทลาส,160
และตะโกน,160
เธอโกรธมาก,160
เราอยากจะ,160
เขาสมควรตาย,160
เกรแวน,160
เมก,160
ในแอลเอ,160
ยาสลบ,160
แซช,160
ฟอลเลน,160
คนหายไป,160
เธอทำอะไรหนะ,160
ไวไว,160
ไปๆๆๆๆๆ,160
คำสาบาน,160
เฮเยส,160
โกหกเหรอ,160
ไปเอามาเลย,160
โคตร,160
นายเอง,160
เฟรม,160
ของผมเลย,160
สโมสร,160
โดยเฉพาะนาย,160
ฟารา,160
ทำลายเขา,160
แซงยอง,160
จะหายไป,160
ผมจะโทรหาเขา,160
ใครจะไป,160
ตรวจพบ,160
ซามะ,160
แบบนาย,160
ชาลอต,160
เอลโม,160
ในโรงรถ,160
เขาอาจจะทำ,160
แกจะทำอะไรวะ,160
ทาย,160
ขอบอกเลย,160
โอซามา,160
เยอะนะ,160
ชอบมากเลย,160
คอสโกรฟ,160
กระบอง,160
นายไปทำอะไรมา,160
ขอโทษเธอ,160
หนาวเหรอ,160
โมโหมาก,160
แจม,160
ไทระ,160
เอาเถอะๆ,160
เธญเธขเธกเธฑเธ,160
เธชเธตเธขเธชเธ,160
เธฎเธดเธ,160
คนเยอะ,160
เธฒเธฃเธชเธ,160
เธกเธตเธกเธฒเธ,160
เธฒเธฃเธชเธฑเธ,160
เธฒเธฌเธดเธ,160
เธดเธชเธ,160
ฮาเกน,160
เธญเธฒเธกเธฒเธ,160
สแตค,160
เอาผมออกไป,160
ผมจะไปตามหาเธอ,160
ควาก,160
บาฮามาส,160
เนเลค,160
จะออกไป,160
คาเมดะ,160
มาหาเธอ,160
พวกเทพ,160
แมมโบ,160
ซาลาส,160
เธขเธฒเธขเธ,160
ขายหมด,160
ลอ,160
หมอชอย,160
ของเขาเอง,160
ผมจะไปเอารถ,160
เธกเธซเธ,160
เธณเธงเน,160
เธกเธฒเธขเน,160
โดนหลอก,160
โทรา,160
เธฎเธฑเธ,160
เฮๆ,160
เธกเธตเธชเธ,160
เธญเธต,160
เธขเธฐ,160
ยางอา,160
เธตเธกเธฑเน,160
ฮาง,160
เมม,160
ฟาแกน,160
กวาน,160
เจาะ,160
สแตนบาย,160
ไปทาง,160
จานา,160
เคโอ,160
แปลกตรงไหน,160
ตรงถนน,160
ใครโทรมาเหรอ,160
เปเปอแลนด,160
ผมเดา,160
ลดราคา,160
ผมจะมา,160
แชปแมน,160
เธงเธฒเธกเธชเธฐเธญเธฒเธ,160
เธงเธตเธ,160
เฮจแมน,160
ยอนฮวา,160
ตามกฎ,160
แกเหรอ,160
นายกอง,160
ถนนหมายเลข,160
เหรอฮะ,160
แมลงปอ,160
ผมหมอบ,160
เธงเธฒเธกเธกเธทเธ,160
เธญเธฅเธดเธ,160
ทาคาโนะ,160
เอาออกมาเลย,160
นายเองเหรอ,160
เธฒเธขเธญเธตเธ,160
นายหละ,160
ทาโร,160
ความสวยงาม,160
คนไป,160
รถเหรอ,160
มาพบ,160
เลยไป,160
สงสาร,160
แอบบาดอน,160
หมอนวด,160
ความสวย,160
โจเนส,160
ทาคาดะ,160
เธฐเธซเธกเธ,160
ขอทาน,160
พร,160
ซอลล,160
เธขเธญเธฃเน,160
เธฅเธญเธฐเน,160
มองถนน,160
เธตเธขเธฑเธ,160
เธขเธกเธกเธฒเธ,160
ขอผมเถอะ,160
เธญเธชเธด,160
เธญเธขเธญเธญเธ,160
จางหายไป,160
หลบลง,160
ซอมคอน,160
ตามคาด,160
มล,160
นอภ,160
นำโดย,160
อเมซอน,160
เทพยดา,160
นายพราน,160
แตงกวา,160
ทำไมๆ,160
ออกมาจาก,160
โสลน,160
โจโจ,160
โคปา,160
โดเสจ,160
ดาแทค,160
นเรศวร,160
พาเขามา,160
นายเองหรอ,160
แมร,160
กลม,160
เสตท,160
ตาขาว,160
กระเพาะ,160
ไกลมาก,160
กระแอมไอ,160
ยามากาตะ,160
มากมาก,160
โดนใจ,160
ยอดปรารถนา,160
ความประหลาดใจ,160
เกจ,160
แอนโด,160
เธอทำอะไรเหรอ,160
อะไระนะ,160
ทาเคะโทระ,160
โบน,160
ขโมยไป,160
เมเบล,160
ซบ,160
เรเมน,160
ตอนไหนเหรอ,160
อาราตะ,160
โฮโม,160
อะฮอย,160
คนทรง,160
พวกแกจะทำอะไร,160
คาเงโระ,160
เคโฮ,160
เเพ,160
แมคเอลรอย,160
ขาดอากาศ,160
ฟาวาล,160
กวน,160
เพรส,160
เกนยะ,160
กรอบ,160
งะ,160
พวกแกทำอะไร,160
เรอค,160
ขอสาบาน,160
กขค,160
เราอาจ,160
ตกลงเหรอ,160
มอวเบร,160
หมดเลยเหรอ,160
โรเกน,160
บอกไปเลย,160
แตกคอ,160
โทวกะ,160
ซานเชซ,160
ไอระยำ,160
การทำลาย,160
ตรงไหนนะ,160
บอกมาซะ,160
พลาเนต,160
คะเเนน,160
เรกซ,160
ๆๆๆๆๆ,160
ความงาม,160
ยาส,160
สเปช,160
บยอล,160
แฟ,160
บอกยากนะ,160
ซาชา,160
เลด,160
บทบรรยายภาษาไทยโดย,160
เชมะ,160
ตอนเขา,160
พาเธอ,160
รถไฟเหาะ,160
เพนสะโคละ,160
ในโรงอาหาร,160
แพลท,160
แกะรอย,160
แถบ,160
นส,160
เฮรอน,160
โทยะ,160
แดนเซล,160
แกรน,160
เธญเธฒเธซเธฒเธฃเธ,160
เธงเธนเน,160
เธญเธกเธกเธตเน,160
เธฐเธฅเธญเธ,160
ถอยไปเลยนะ,160
ปลาสด,160
ผมอยากจะบอก,160
เธอจะไปไหม,160
หมาของผม,160
ถามเลย,160
ผมเธอ,160
เฮเลนา,160
จากกรมตำรวจ,160
มาเถอะมา,160
ปลาเหรอ,160
ของๆ,160
หาทางออก,160
โนตม,160
เธอจะไปไหนนะ,160
ขอบใจนะพวก,160
เจโทร,160
ไปไกลๆเลยนะ,160
เดซ,160
เราตกลง,160
และพวกเธอ,160
แมนเฟรด,160
โทโท,160
เธกเธตเธชเน,160
กลา,160
และพวกนาย,160
แรน,160
เทรน,160
พลาซา,160
กระทบ,160
เออเนส,160
นายทำอะไรเธอ,160
อายาโกะ,160
ผมทำอะไรเหรอ,160
ของโปรดผมเลย,160
แผดเผา,160
โซฮา,160
ความฉลาด,160
โทรม,160
แปรง,160
มาเอดะ,160
เซนไซ,160
ดาจอง,160
นร,160
เรนาโต,160
ทอเรน,160
ไดโกะ,160
เบคฮยอน,160
มากขนาดไหน,160
จดจำ,160
ตลอดระยะเวลา,160
เธกเธฒเธฃเธตเธขเธฒ,160
หมาย,160
เควด,160
หายไปไหนหมด,160
เธฒเธกเธฒเธฃเน,160
เขาทำอะไรลงไป,160
กอลท,160
เตอะ,160
เธชเธกเธฃเธ,160
การสอบ,160
คอรอล,160
เธชเธงเธฃเธฃเธ,160
เคแนน,160
ฟะ,160
ฮาโจแด,160
เธอเอา,160
โยก,160
ฒใ,160
ไอนะ,160
มาโกะโตะ,160
ไมอา,144
โกลด,144
โฆษก,144
ปากเธอ,144
แฟนเธอหรอ,144
ฮอทดอก,144
โหวด,144
โรงแรมอะไร,144
อยากทำอะไร,144
สาดดด,144
และเอา,144
โลโล,144
หายไวๆ,144
รอเลน,144
ทางการ,144
เธอจะโกรธ,144
ทำไมนะหรอ,144
โดนซะ,144
เบคแมน,144
โทดะ,144
บาว,144
เครอล,144
ผมไปทำอะไร,144
เดาเอา,144
ผมเมามาก,144
ปลอมแปลง,144
แฮยอง,144
ราเวล,144
จากอนาคต,144
โชแปง,144
โนแอล,144
มาโดกะ,144
ไปตายเลยไป,144
เราพบเขา,144
นายจะทำอะไรวะ,144
ไมอะ,144
โฮเก,144
ภาษาไทย,144
ในหลาย,144
เต,144
และสดใส,144
โทโนะ,144
คาวาดะ,144
หลบไปนะ,144
โดนแทง,144
เธฒเธฉเธต,144
โซว,144
เธกเธฒเธกเธฒเธ,144
ของหาย,144
เธฃเธฒเธฃเน,144
นำทางไปเลย,144
รอธ,144
เธงเธฅเธฅเน,144
เธตเธกเธทเธญเน,144
การอพยพ,144
เธฑเธงเธฅเธนเธ,144
ของเราสองคน,144
ถอดออกมา,144
อาหารของเรา,144
เธอเลย,144
เธงเธก,144
คนมา,144
เราสนใจ,144
เราจะไปหาเขา,144
แซนดรา,144
เธฐเธญเธขเน,144
เบลแมน,144
โชวะ,144
ไทโช,144
จากความตาย,144
ไปทำความสะอาด,144
แพรท,144
สาดด,144
ชอบเธอนะ,144
อย,144
พวกเขาฉลาด,144
จะสามารถ,144
ฮานอย,144
เราจะสายนะ,144
เธกเธฒเธชเธฑเธ,144
เอไอ,144
จากคน,144
ไปไกลๆนะ,144
กาญจนา,144
แยกออก,144
โรงแรมเหรอ,144
ตามกำหนดการ,144
เอกซเปกโต,144
เอาแบบ,144
ของเหลว,144
แปลงโฉม,144
ครอบงำ,144
จงไปซะ,144
เขตอำนาจศาล,144
เธอสวยมากนะ,144
ความหมายของ,144
ขอบใจมากเลย,144
และรอคอย,144
ทำสงคราม,144
ปลด,144
โซบะ,144
ผลตรวจ,144
แบบแปลกๆ,144
ดอปเลอ,144
โดรอมโบะ,144
ของผมไหม,144
ในการแทรกแซง,144
คลอธ,144
จากระยะไกล,144
นาคยองโฮ,144
แคโรไลนา,144
เวแลน,144
โรแซนนา,144
ไปไกลๆไป,144
มอสโคว,144
เซง,144
รอนะ,144
เชช,144
แอนโทรโป,144
เวรเอย,144
ผมบอกเอง,144
ขอโทษนะพวก,144
เอาแหวนมา,144
โยกเลย,144
แหวนอะไร,144
ขาด,144
เทปอะไร,144
เทอรา,144
โมเดล,144
นำเขา,144
ในบางโอกาส,144
ถอยออกไปเลย,144
หมายความ,144
และความโกรธ,144
สละยาน,144
โคลลอน,144
การเดท,144
คอนลอน,144
เธอทำอะไรไป,144
คนนอก,144
ไงๆ,144
เดา,144
โยโก,144
แฟนเขา,144
ปวด,144
นอกเวลา,144
จบการสนทนา,144
ลำโพง,144
พาเขา,144
แอม,144
นางสารเลว,144
แฮนเซล,144
แบรดสโตน,144
และไปซะ,144
ยอมซะ,144
ตรอก,144
ไทเซ,144
อะวาดา,144
คาตาเสะ,144
ยอมจำนนซะ,144
นานไหม,144
เดลกาโด,144
สม,144
โฮลเดน,144
โฮส,144
กอเดล,144
และเพราะ,144
พวกเราจะตาย,144
เงาเหรอ,144
มาโทโบ,144
เลยหรอ,144
แซท,144
กระโดดลงไป,144
โทรเลข,144
เธงเธชเธด,144
เธขเธฒเธงเธ,144
ทำไมผม,144
เธกเ,144
เธซเธฅเธฒเธขเธญเธขเน,144
คาโรล,144
เราควรทำอะไร,144
และสเตฟาน,144
ความสามารถของ,144
ไอโฟน,144
แสงไฟจากถนน,144
โอคซานา,144
เมนเดส,144
ตอง,144
เคเรน,144
มาซาโกะ,144
ขอบใจพวก,144
ทาซารอฟ,144
ดำลงไป,144
เธอทำเหรอ,144
ฅ,144
แชม,144
ปลายทาง,144
นายแหละไป,144
ฮอฟสแทดเลอ,144
ซาลาเปา,144
มฮยอง,144
แกทำอะไรวะ,144
เชอ,144
จะไปทางไหน,144
ดวงตาของเธอ,144
หายไปไหนนะ,144
เขาออกไป,144
บาค,144
บทกลอน,144
เราจะไปไหนเหรอ,144
ละอาย,144
บนโซฟา,144
อะไรของเขานะ,144
เพอเซล,144
โวนาคอฟ,144
สวมซะ,144
สนใจไหม,144
ยานโดรน,144
ตอนเเรก,144
และนก,144
สาบานนะ,144
ขำตาย,144
เอาละพวกเรา,144
มาเถอะๆ,144
ทาคาเบะ,144
นานาเสะ,144
คนเราโกหก,144
กำไร,144
ดานอา,144
ฮานาดะ,144
ฮาวาด,144
เอสเทล,144
วว,144
เธญเธฅเธดเน,144
เธญเธฃเธฑเธ,144
อาหารอะไร,144
โรมาโน,144
เราควรจะทำอะไร,144
เธงเธซเธ,144
เคลว,144
เธตเธช,144
เธฃเธญเธกเธ,144
เธอโกหกผม,144
ไปหมดเลย,144
เราทำตาม,144
ตราบใด,144
ทำใจ,144
การตายของเขา,144
เจฟฟ,144
เธฒเธขเธญเธญเธ,144
ฟลอเรส,144
โดโนเวน,144
เธชเธกเธญเธฅเธงเธดเธฅเธฅเน,144
เธนเธงเน,144
มาเหรอ,144
นายจะไปไหม,144
โปโกะ,144
และเนท,144
เธฃเธฐเธซเธ,144
พยายามอะไร,144
ตอนจบของ,144
ไหมละ,144
และวางแผน,144
จะทำอะไรคะ,144
และเราชนะ,144
แฮรยอง,144
ใครนะคะ,144
ออดา,144
เธอโดน,144
เธฒเธขเธดเธ,144
แทงเขา,144
ไปหาเขาเถอะ,144
รถไฟเหรอ,144
กำหนด,144
เธฃเธญเธทเน,144
เเอล,144
ตกลงนะฮะ,144
มอนโตยา,144
กอนซาเลซ,144
ดอนนา,144
นายจำ,144
ไปตรวจ,144
เราโผไป,144
แฮป,144
เอามาเถอะ,144
ทำงานใน,144
ออสแมน,144
เลสเตรด,144
เขานะเหรอ,144
และคนของเขา,144
ซานตาคลอส,144
เมฆ,144
โรงละคร,144
ถาวร,144
เมกาตรอน,144
ไปตรวจสอบ,144
คอสโม,144
ไปหามา,144
แคมบอล,144
ดอช,144
ตลกมากเลยนะ,144
พาวเวล,144
คำไหน,144
คอก,144
ทาเคะโซะ,144
เธอทำงาน,144
เธอควรไป,144
ทางอากาศ,144
บอกเราเถอะ,144
นายไปไหน,144
ตอนออกไป,144
ผมเจค,144
ไอแสค,144
เวลาใด,144
เอาแหละ,144
เดทแรกของเรา,144
เสมอไป,144
มองทำไม,144
ทำนาย,144
นรกอะไร,144
ฝ,144
โลป,144
สเตเฟน,144
พยายามเหรอ,144
ในสายลม,144
เธนเธกเธด,144
และสกปรก,144
ราคะ,144
นายจะบอกอะไร,144
ตายๆๆ,144
แบตหมด,144
เฮนเนส,144
กระบวนการ,144
ในสมอง,144
โอวาดะ,144
บนทางหลวง,144
แลค,144
วอลเลส,144
เธงเธญเน,144
เธอโมโหมาก,144
การวางแผน,144
เราชอบ,144
เขาหวาดระแวง,144
เธฒเธงเธฒเน,144
ชาล,144
ดอกเบญจมาศ,144
ไปตามหาเธอ,144
โลเรน,144
โอแฮนรอน,144
ฮยองเท,144
กระดกเลย,144
เธฑเธงเธญเธขเน,144
เธซเธฅเธฒเธ,144
เปโซ,144
จาคอป,144
เธอสนใจ,144
เฮป,144
นอกซะจาก,144
แทรา,144
โนโตะ,144
เฟลาน,144
เธอบอกเรา,144
ฮะฮะ,144
โจแอล,144
มายชาน,144
แหงๆ,144
เราขอเสนอ,144
บรอค,144
ตามกฏ,144
จงออกไป,144
จะไปไหม,144
ละคะ,144
ผลคะแนน,144
ควยเหอะ,144
นะยะ,144
เพลงอะไรนะ,144
เลอะเทอะ,144
สยดสยอง,144
ไทโท,144
แทรกแซง,144
หายไปเฉยๆ,144
สเตรท,144
ตามตำนาน,144
ผมจะทำอะไร,144
กอล,144
โอเคละ,144
เอามาจาก,144
เราหา,144
โรมานอฟ,144
นายพยายามจะทำอะไร,144
เวโรนา,144
โนอะไร,144
และดวงดาว,144
เทรนแมน,144
และไป,144
วอลดรอฟ,144
ไปเลยพวก,144
เยนเอง,144
บลาย,144
เขาจะเอาอะไร,144
นายชอบไหม,144
นายหรอ,144
นายไหวไหม,144
เวลาของพวกเรา,144
งาย,144
แนนเนา,144
ตามพวกเรามา,144
นายจะทำไม,144
พนง,144
เธอแหละ,144
ฆาตกรของเรา,144
นายมองอะไร,144
จะรอนะ,144
ออกไปจากทาง,144
ความสามารถของเขา,144
เธขเธญเธฐเธ,144
ขาเธอ,144
เอจ,144
ฉากแรก,144
เธกเธฒเธซเธฒเน,144
และอดทน,144
ความสนใจความสนใจ,144
ไปถาม,144
สเปซ,144
มาตลอดเวลา,144
เธอจะทำไม,144
แบรนเนน,144
เธอหลอกพวกเรา,144
ขม,144
เซนไป,144
จะเอา,144
ยากนะ,144
ละลาย,144
เลสโก,144
ไปหละ,144
แตน,144
เธอออก,144
พาพวกเขาไป,144
เขาหายไปไหนนะ,144
รอสาย,144
โทรออก,144
ยาชา,144
ในประเทศของเรา,144
มาบน,144
เอเรต,144
ยานพาหนะ,144
เขาทำไมเหรอ,144
โวววว,144
มาล,144
สโนว,144
เธอจะโอเค,144
นายรถไฟ,144
พวกขยะ,144
อาโล,144
ไดแพรกซา,144
เขาโทรหาใคร,144
การทำอาหาร,144
หมดหนทาง,144
เวลาตาย,144
ตลอดกาลและตลอดไป,144
แฮง,144
เขาตกงาน,144
ดาล,144
โคด,144
กบว,144
เธฃเธดเธขเธฐ,144
เกรนแนน,144
โอเนล,144
เธญเธฐเธกเธตเน,144
อโลฮา,144
คบไฟ,144
เธฐเธญเธฐเน,144
ลาออกเหรอ,144
เขาอยาก,144
ไตวาย,144
แซมเวล,144
คนหรอก,144
อน,144
การนอน,144
เธอสลบไป,144
คลารา,144
ความหวาดระแวง,144
ขำมาก,144
สอบ,144
เนฟ,144
ไปตามทาง,144
ของนายเลย,144
แบบผม,144
เรซ,144
ฟาน,144
เราจะลอง,144
เอดมอนด,144
ลาขาด,144
มารยาท,144
สปาย,144
เจอใคร,144
ดงชาน,144
ตารางเมตร,144
สองสาม,144
เราจะหาเขา,144
ในสนาม,144
ประจำเลย,144
บลาๆ,144
ทำตามกฎ,144
เกมเซต,144
โยนมาเลย,144
ผมจอช,144
ครอบครอง,144
ขายยา,144
เอารถไป,144
บงการ,144
อาตง,144
หมายเลขสอง,144
บนยาน,144
ฉลองอะไร,144
กฎอะไร,144
ผมจะไปโรงพยาบาล,144
แรดจอมโกหก,144
ทดสอบอะไร,144
มาพวกเรา,144
เอาเลยไหม,144
เครส,144
อาจอง,144
รายงานสด,144
ซองจดหมาย,144
ตอนประมาณ,144
ขำอะไรเหรอ,144
หายไปเลย,144
จะรอ,144
ออกจากงาน,144
หายากนะ,144
ตะคอก,144
บาทหลวงพอล,144
เอวะ,144
การตาย,144
อโลเมท,144
เอาแบบไหน,144
ซานโตส,144
อะโรเล,144
ผมขอโทษๆ,144
บนปก,144
เเคส,144
เราไหน,144
เธณเธกเธฑเน,144
เอสแอลเอส,144
ผมจะพาเขาไป,144
เธฒเธงเธดเธ,144
นายเมาเหรอ,144
แซลลาส,144
หลายคนเลย,144
เธฒเธกเธกเธฒเธ,144
ยอดมากเลย,144
เธงเธฒเธขเธ,144
โกมะ,144
ตามถนน,144
เธซเธกเธฒเธฐเธชเธกเธ,144
เธกเธตเธงเธตเน,144
จากใน,144
ทำอะไรอะ,144
ประจำ,144
เธฅเธฒเธขเธกเธฒเน,144
แบรนโด,144
แหงเลย,144
โมโร,144
จองหอง,144
บอกมาเหอะ,144
ขาขวา,144
โมรอน,144
เกรนเชน,144
กราส,144
ไปเอาเขามา,144
และทำงาน,144
โมๆ,144
เทปกาว,144
ประปา,144
โทคาเรฟ,144
แดรก,144
ไปหาเธอ,144
เธถเธฅ,144
เธฐเธกเธฑเธ,144
เธฃเธฒเธกเธฒเน,144
ไฟอะไร,144
กางขาออก,144
เธขเธฑเธขเธ,144
ขโมยอะไร,144
โยกหลบ,144
คาราบาว,144
นายโอเค,144
สายไฟ,144
โอเฟลาน,144
แกนะ,144
เกลฟ,144
เบคอล,144
ตรงๆนะ,144
โทรล,144
ฑใ,144
ตรงไหนเหรอ,144
ดาโมเคลส,144
เราจะหาเธอ,144
และสามารถ,144
เธฅเ,144
เจอเธอไหม,144
มาซาโอะ,144
โลลา,144
เอาตรงๆ,144
เธฒเธชเธฒเธ,144
จากธนาคาร,144
ผมอยากทำ,144
สนใจอะไร,144
โมโตยามา,144
โปร,144
เขาทำหรอ,144
แผนสอง,144
ตานายละ,144
หอม,144
เธกเธขเธญเธกเธฃเธฑเธ,144
นายสามารถ,144
ใครท,144
ออกไปไกลๆเลย,144
เธซเธฒเธฃเธซเธกเธนเน,144
จะไปหา,144
จำอะไร,144
เขาไปทำอะไรมา,144
อยากมาก,144
เธฅเธงเธญเธฑเธ,144
อาจจะเพราะ,144
มองโก,144
ขยาย,144
เทรเวอ,144
เธซเธฒเธกเธฑเธ,144
กอดอน,144
ไอเดน,144
มองรอบๆ,144
โฮเซน,144
ไรโอะ,144
แขนขวา,144
เธซเธฅเธงเน,144
เขาโมโห,144
สงบภายใน,144
พอตแมน,144
เธฐเธกเธฒ,144
และเราจะชนะ,144
เอากาแฟไหม,144
แอคเนส,144
ลอกคราบ,144
ปากมาก,144
สเตจ,144
เละเทะ,144
เขาไหน,144
เธอจะเจอเขา,144
เธฅเธนเธชเธ,144
เมตาตรอน,144
ผมทำนะ,144
ใครไป,144
สกายกาย,144
สมาคม,144
เขาตายไป,144
นใ,144
สวอนเลค,144
พวกเขาไป,144
เธอเอาไป,144
นค,144
การจราจร,144
เธฒเธขเธธเน,144
เพลซ,144
เรเวฟ,144
แกโอเคไหม,144
เธฅเธฑเน,144
ซาลา,144
เธฃเธกเธ,144
เธจเน,144
ตอนน,144
แรงมาก,144
เธจ,144
บนเขา,144
แคระ,144
มวย,144
เธญเธฅเธฒเธชเธ,144
ฅใ,144
ทหารยาม,144
เธทเธญเธญเธธเธฅเธ,144
เธฒเธขเธกเธฑเน,144
นอกจากพวกเรา,144
นายและนาง,144
หมายเลย,144
แทโจ,144
นายประธาน,144
เขาไปไหนของเขานะ,144
ตามมาตรา,144
เธกเธญเธฒเธ,144
เธญเธงเธฑเธ,144
แฟนนายเหรอ,144
โทยามา,144
เธฅเธฐเธกเธตเธ,144
เธอคง,144
จะพยายามนะ,144
ไพเราะมาก,144
เทโบะ,144
แคมเดน,144
ไปไหนนะ,144
เขาออกไปทำงาน,144
เธงเธฒเธกเธฃเน,144
ในแผนก,144
หลบออกมา,144
สะอาดมาก,144
นอกจากเรา,144
นายทำเหรอ,144
ทาเคโซ,144
ฮโยซอน,144
ชอต,144
โวเกลซอง,144
ฝาบาท,144
ขอบใจนายมากนะ,144
นากาโอกะ,144
โอเคหรอ,144
เธซเธฅเธธเธ,144
ฮอลโลแมน,144
สำเนา,144
แหมม,144
บางโอกาส,144
และคน,144
ไปทำ,144
แบบไหนเหรอ,144
เอาผมไปแทน,144
เลสตราด,144
ผมเกรง,144
คารวะ,144
สกอนโทส,144
สถานพยาบาล,144
เราจะโทรไป,144
เขาขาย,144
ผมจะโทรไป,144
เธงเธกเธฒเธ,144
เจเอฟเค,144
ซานดรา,144
เธกเธกเธตเน,144
ประเทศไทย,144
ฮอตตะ,144
โฮตตะ,144
จะไปไหนเหรอคะ,144
ของเราไป,144
พวกเราควร,144
กาเซส,144
และเบน,144
ในอวกาศ,144
บาคคลา,144
อาหารขยะ,144
เขาแหละ,144
พลาดอะไร,144
เธอบอกอะไรเขา,144
เธฒเธซเธงเธฑเธ,144
เธชเธฒเธฃเธฐ,144
เธกเธฒเธชเธนเน,144
โมรอคโค,144
นากาฮาระ,144
อะหะ,144
แตงกวาดอง,144
โนเบล,144
คนไหนเหรอ,144
งานอะไรเหรอ,144
เธงเธฑเธฅเน,144
เอโดะ,144
ผมขอสารภาพ,144
เบสเซท,144
การสอบสวน,144
เธขเธทเน,144
วางเลย,144
เขาและ,144
มอสส,144
ชะแลง,144
และความอดทน,144
เศษสวะ,144
เยสสสส,144
ฮามาก,144
โบซแมน,144
เธกเธตเธชเธด,144
ทานเลย,144
ทำไมอะไร,144
แอลเจอโนน,144
โพส,144
โมเสค,144
เธดเธจเธ,144
หายไวๆนะ,144
ซาส,144
ไวโอเลท,144
จะสนใจทำไม,144
หายากมากเลยนะ,144
ผมถาม,144
เธฐเธขเธดเธ,144
ใบขอลาออก,144
รอนานไหม,144
แฮมมอน,144
เธงเธกเธกเธทเธญเธ,144
เธขเธญเน,144
เธฒเธฃเธญเธ,144
เธฃเธฒเธชเธญเธ,144
เธซเธกเธฅเน,144
อาโบ,144
ไปไหนมาเหรอ,144
เรนโฟร,144
เธฐเธกเธตเธฅเธนเธ,144
แดด,144
โกโตะ,144
แชรอน,144
เธฐเธขเธญเธกเน,144
อะบาเรนโบ,144
แอดอน,144
ตามคำขอ,144
เชยอน,144
เธฃเธญเธญเธ,144
เธฑเธฅเธฅเธดเน,144
ถอยออกไปนะ,144
เธฒเธกเธฃเธ,144
แบน,144
ผมอาเบด,144
ผมสน,144
ขอโทษนะฮะ,144
โทรมาทำไม,144
ใครจะทำ,144
แกไปทำอะไรมา,144
เธตเ,144
เธฐเธซเธฒเน,144
ตายหละ,144
ในฮาวาย,144
ออกจากถนน,144
เธฎเธฒเธฃเน,144
ทอล,144
เธซเธนเน,144
ทำใจสบายๆ,144
เธฐเธชเธฃเน,144
เธฒเธขเธฃเธนเธ,144
ผมตกใจมาก,144
ประณามตรง,144
เดลมา,144
แมคเครน,144
เธขเธชเธ,144
พวกโจร,144
โทได,144
คำสารภาพ,144
เธถ,144
เธฒเธฃเธฃเน,144
เดด,144
เอาขวานมา,144
เธขเธกเธฑเธ,144
ธะ,144
เธกเธฒเธซเธฒเธ,144
มาหาเรา,124
คาวาเบะ,124
ไปสอบสวน,124
เดทแรก,124
เนกรา,124
ประมาณไหน,124
ลาวา,124
สนใจเหรอ,124
เขาตายไหม,124
ตรวจสอบออก,124
พวกเราควรจะ,124
หมดจอก,124
ผมฉลาด,124
อลาสกา,124
ลดลงของ,124
พาสสาจ,124
แบบโบราณ,124
ผมแบรด,124
ดราย,124
อาซามะ,124
นายพลซอด,124
แลส,124
ตามใจเลย,124
ศาลบรรพชน,124
ดาวอส,124
แวนเพล,124
โคตะ,124
เซปเป,124
เอาไปเหอะ,124
แขกของเรา,124
จำนอง,124
โดโรเรส,124
ผมขอละ,124
วางดาบลง,124
เพนโรส,124
สองหลอด,124
สถานะของ,124
แกมองหาอะไรวะ,124
เนฟาส,124
มาๆๆๆ,124
ฟาส,124
พอด,124
ทนายของเขา,124
ตะขาบ,124
การกระทบกระแทก,124
ผมแนะนำ,124
หลอดอาหาร,124
ซากะโมะโตะ,124
โทรไปเลย,124
ตลกตายละ,124
บอกเลยนะ,124
ไปเลยๆๆ,124
ของโปรแกรม,124
โอรส,124
ฮวางแทบอม,124
เพลงมา,124
ไปเลยย,124
ฮาคยอน,124
หรอไง,124
ทาโดโคโระ,124
ลาซโล,124
โอโดเนล,124
เผาเหรอ,124
วโมง,124
นายทำอะไรไป,124
เอสทรอย,124
เอามะ,124
มอสโค,124
เฟรช,124
ซกมก,124
กามเทพ,124
แฟลส,124
รวมๆ,124
คำถามนะ,124
ผมพลาดเอง,124
วนไปวนมา,124
ตำรวจนครบาล,124
ในเตาอบ,124
ทนายชา,124
เอน,124
ควาย,124
สมาคมดาบ,124
ถอนพร,124
และหลอกลวง,124
ซาก,124
เราจะสามารถ,124
แยกทาง,124
นายออกไป,124
ผมหา,124
คำนาม,124
ความสามารถอะไร,124
ทหารอวกาศ,124
กระทำชำเรา,124
รบ,124
ไงเหรอ,124
นายมองหาอะไร,124
ศพใน,124
สเปล,124
เขาทำอะไรนาย,124
ชอบเขา,124
เธอมองอะไร,124
มองไป,124
ฮอนโด,124
เปล,124
เดส,124
เวลาเหรอ,124
แคป,124
โดนใจมาก,124
พวกเศษสวะ,124
สายตาของเธอ,124
สวะ,124
ลงไปๆ,124
โยนออกไป,124
ชงกาแฟ,124
สาร,124
เซเก,124
เจแพน,124
ตบเลย,124
หลอดลม,124
ลมอะไรหอบมา,124
ดองเจ,124
และจะทำ,124
โรพอล,124
คาสออฟ,124
สงครามเหรอ,124
รายการอะไร,124
ความสามารถของเธอ,124
คอลโทรล,124
มองอะไรคะ,124
โอบะ,124
เกรททา,124
ผมขอบอกนะ,124
แสดงความเคารพ,124
ทำเองเลยนะ,124
เคนน,124
เยอะๆเลย,124
เนเมอ,124
การกอด,124
คำถามใด,124
ฟาด,124
ในโซล,124
ไกลๆ,124
แอค,124
พาพวกเขาออกมา,124
ไดเอท,124
คนนำทาง,124
เราจะไปสาย,124
เพลแฮม,124
มอนเตเนโกร,124
กระทำ,124
เดคเคลน,124
เขาตกใจ,124
ของโจนาธาน,124
รายใน,124
ไปหมด,124
เพชรในตม,124
ทำสวน,124
ยาโคฟ,124
โซเล,124
จะไปเหรอ,124
ตอบแทน,124
รถของเรา,124
เขาจะทำเอง,124
เราจะทำตามแผน,124
อะไนะ,124
คาเลป,124
นายจะสนอะไร,124
ในโอไฮโอ,124
โวะ,124
พวกสาว,124
นอม,124
ในฐานะทนาย,124
ชอบหรอ,124
ฦ,124
มาขอโทษ,124
เอารถออก,124
เธอสายนะ,124
ผมเสนอ,124
จะโกรธ,124
ใครจะตาย,124
แซ,124
กาง,124
หลานสาว,124
โอนสายมาเลย,124
พระเยซ,124
เธณเธฃเธฒเน,124
ฒ,124
ของโปรดเธอ,124
เขาพา,124
โอเคโอเคโอเค,124
ผมจะโทรห,124
เอาเลยแซม,124
เราจะรอด,124
แผนการอะไร,124
จากสายตา,124
และแดน,124
ทำอะไรของนายวะ,124
อะไรนะยะ,124
เธฅเธกเธญเธ,124
ชาลอม,124
ตามมารยาท,124
เฮอโวค,124
เธอคงหนาว,124
จอมโหด,124
ฝาก,124
วอนบาย,124
รส,124
เราควรทำไง,124
โครโทน,124
การครอบงำ,124
ธบา,124
จบนะ,124
เฮานด,124
จบฉาก,124
ลองไหม,124
งาดำ,124
โรมา,124
เองนะคะ,124
ทานอาหาร,124
บทบรรยายโดย,124
ฮายะเตะ,124
โวโต,124
คอบ,124
หลายศตวรรษ,124
และโสด,124
โอเคปะ,124
แทบจะ,124
ตามแกน,124
จำนวนเฉพาะ,124
แอบ,124
โบบ,124
เธชเธซเธฃเธฑเธ,124
นายทำอะไรเขา,124
ใครหละ,124
จะลองไหม,124
จะโอเค,124
จะบอกอะไร,124
ตำรวจอะไร,124
คนเสพเวจมรรค,124
ภรรยาผมเอง,124
มง,124
โววๆ,124
ภ,124
ไทรแอด,124
เราเลย,124
เขาออกมา,124
โบนแฮม,124
เรามาลอง,124
และชาย,124
การขอโทษ,124
มอโร,124
จำนวนมหาศาล,124
โถโถ,124
การตายของ,124
สเตฟาโน,124
รายงานสดจาก,124
ยาหลอนประสาท,124
และแซม,124
เควสทารอธ,124
สวอลโล,124
ไปไหนวะ,124
ตกลงเลย,124
เธญเธฑเธกเน,124
ผมบอกเขาเอง,124
ตามไปเลย,124
เธฃเธซเธฑเธชเธ,124
ตลกเหรอ,124
เซารอน,124
แรงกดอากาศ,124
คนเลยนะ,124
เธญเธฅเธดเธกเธ,124
เครกฮอล,124
สวม,124
อากาศหนาว,124
แลม,124
ในทะเล,124
ตาของเขา,124
ซาไซ,124
ผมบาง,124
อะซาโกะ,124
ซอเรล,124
นกป,124
โหยหา,124
ชายแดน,124
เนธ,124
ประสาทแดก,124
ผมจะพาไปเอง,124
เราจะเอา,124
เอะอะ,124
โรสโค,124
กระสวย,124
ทางแยก,124
จะทำลาย,124
เธฃเธฒเธกเธตเธซเธ,124
ขโมยมา,124
นากาตะ,124
บทนำ,124
เธฐเธซเธฒเธขเน,124
ขอโทษเถอะนะ,124
นาปา,124
อาหะ,124
มากมายมหาศาล,124
โปรดโทร,124
เธซเธดเธงเน,124
หาคำตอบ,124
เธฃเธกเธฒเน,124
เธซเธกเธธเธ,124
เธฃเธดเธฅ,124
เธฒเธงเธชเน,124
พวกเราทำอะไร,124
เบฟาทอน,124
ในวงการ,124
แยม,124
เบทธ,124
โยโคยะ,124
เปเปอ,124
ไทโค,124
ผมขอนะ,124
สภาพ,124
เธฒเธฃเธฃเธฐเธ,124
บาเตร,124
แซโด,124
สมองงง,124
เธญเธขเธฅเน,124
เธตเธกเธทเธญเธ,124
เธอชอบเขาเหรอ,124
งอ,124
นายทรยศพวกเรา,124
ของธนาคาร,124
เธฃเธฃเธขเธฒ,124
เธงเธฒเธกเธขเธธเธ,124
เธฐเธขเธ,124
เธอนะเหรอ,124
สงครามโลก,124
ชวน,124
โอปรา,124
แอนไซโลสโตรมา,124
สมองงงง,124
โมช,124
เธกเธฒเธฃเธฑเธ,124
เธฅเธฒเธข,124
เธญเธฒเธซเธ,124
เรายอม,124
อยากไปนะ,124
เธฅเธฐเธฅเธนเธ,124
เธณเธญเธ,124
เธฒเธงเธญเธฐเน,124
เธฎ,124
กแบง,124
เธฎเธฒเธฅ,124
เธฅเธฒเธช,124
เธฒเธกเธซเธฅเธญเธ,124
เขาหรอ,124
เธตเธงเน,124
เธญเธตเธขเธ,124
ไปบอกพวกเขา,124
สกายเนท,124
เธฒเธกเธกเธฒ,124
เธญเธชเธฃเน,124
แบคเวล,124
เธฅเธกเธ,124
เธฒเธขเธซเน,124
เธฅเธธเธขเธ,124
เธงเธขเธกเธทเธญเธ,124
โวยวาย,124
นอกจากตำรวจ,124
ประหลาดใจมาก,124
ขำตายละ,124
แชบอล,124
แวนโค,124
นายแหละ,124
คาง,124
เธญเธขเธกเธฒเธ,124
ในเฮเวน,124
คดโกง,124
เธกเธชเธฑเธ,124
เธฒเธขเธซเธกเธฒเธขเธ,124
เธงเธฒเธกเธซเธกเธฒเธขเธกเธฒเธ,124
เธญเธฒเธญเธฐเน,124
เคโรล,124
ผมอยากจะขอโทษ,124
เทรรา,124
เธฒเธฅเธญเธ,124
เพค,124
เธฃเธชเธงเธฃเธฃเธ,124
พวง,124
แรงปรารถนา,124
เธชเธงเธกเธ,124
เธอโมโห,124
ผมจะบอกเขาเอง,124
ตอนเธอ,124
ผมชอบเธอมาก,124
เรป,124
สลายไป,124
และเราจะไป,124
ชนะเหรอ,124
พอลเหรอ,124
เมนาด,124
เขาโดน,124
จะโทษใคร,124
เธฒเธกเธงเน,124
เฟง,124
แลงสโตน,124
เธขเธญเธขเธฒเธ,124
งบประมาณ,124
บรรยายภาษาไทยโดย,124
พวกเขาควรจะ,124
แน,124
ไคโชว,124
ทด,124
ซากศพ,124
แรกเลย,124
ผมโอเคนะ,124
พจส,124
อาราย,124
เธอรอด,124
กลางสายฝน,124
ผมจะตอบ,124
ไฮบรอท,124
ฅโ,124
เราจะพบเธอ,124
เขาโกหกเรา,124
ตรวจสอบพวกเขา,124
คแลง,124
ตกลงปลงใจ,124
ผมถามเขา,124
เขาสงบลง,124
อาโอยามะ,124
แชนนอล,124
โทรบอก,124
มานา,124
อาการของ,124
ตกลงมะ,124
แพงๆ,124
โฮโฮ,124
วอลแลซ,124
โกลโพส,124
เละเทะมาก,124
เเบรนเเนน,124
แบบแผน,124
ทำไมพวกเรา,124
จอชเหรอ,124
โฮมเมด,124
เธขเธฒเธขเธฒเธกเธญเธขเธนเน,124
เธอหายไปไหนนะ,124
เมย,124
ถามทำไมหรอ,124
เธกเธฒเธญเธตเธ,124
เธฃเธตเธข,124
ตายๆ,124
บราว,124
เธฃเธดเธกเธ,124
อะไรๆๆๆ,124
เยะ,124
โอดา,124
ตามมาๆ,124
ไรไฮไฮด,124
ใครมานะ,124
เธฃเธญเธขเธ,124
ไวมาก,124
เทเท,124
เธอไปซะ,124
เธกเธตเธญเธฒเธงเธธเธ,124
ผมเดาเอา,124
เธอพบเขา,124
ซาโย,124
ตามใจเถอะ,124
และโชคชะตา,124
ในโลกของ,124
แรมโบ,124
พวกเราสองคน,124
เธญเธฒเธกเธทเธญเน,124
ใจดำ,124
คนบาป,124
เชป,124
คารเมน,124
เธฃเธฒเธงเธซเธ,124
เธซเธฒเธข,124
เธญเธฅเธญเธ,124
เพรช,124
เธกเธฃเธนเธ,124
เธซเธกเธตเธขเธง,124
หนอ,124
เราจะทำตาม,124
ดาฮเย,124
เธดเธจเธฒเธชเธ,124
จากเรา,124
เธฒเธกเธฅเธณเธ,124
เธฃเธฒเธญเธขเธฒเธ,124
เธกเธตเธซเธฅเธฒเธขเธ,124
เธงเธฒเธกเธซเธกเธฒเธขเธญเธฐเน,124
เธฅเธฐเธชเธดเน,124
อาดาโม,124
เธฐเธขเน,124
ตกลงอะไร,124
พวกเราสามคน,124
เธกเธตเธญเธขเน,124
ความหลงใหล,124
สายตรวจ,124
การทดลองของเรา,124
จะไหวเหรอ,124
ถามหา,124
เธงเธขเธงเน,124
อากราเวน,124
ประจบประแจง,124
แรงไป,124
เธฒเธขเธชเธด,124
ทากะบอน,124
เธดเธฉเธ,124
ความกดอากาศ,124
วางยาเขา,124
เมนเฟรม,124
มองออกไ,124
ตายมา,124
ผมขอบอก,124
แชมเปญไหม,124
เธฃเธกเธฑเธ,124
ผมบลอน,124
โนวเลส,124
ทนายบยอน,124
เธณเธกเธฒเน,124
แกนะแก,124
เธฒเธฃเธฐเธ,124
เธอสมควร,124
พอเลยนะ,124
เธชเธฃเธฃเธ,124
รำวง,124
เธอเอามาจากไหน,124
ผมชอบเขานะ,124
สวยมากนะ,124
ในภาษาสเปน,124
ภาษาอะไร,124
เอาอะไรไหม,124
ตาโต,124
มองหาใครบางคน,124
บทละคร,124
ตม,124
แนะ,124
กวางเฮ,124
แอท,124
เหา,124
เธฃเธฒเธงเธฒเธ,124
พาเซล,124
มากไหม,124
กาบา,124
จงสงบ,124
เฟลลา,124
หาเจอไหม,124
แถวแรก,124
มาเมฮะ,124
ชากะ,124
และบอกพวกเขา,124
ผมจะตามไป,124
เราจะลงไป,124
ผมเดล,124
รอคโค,124
คอหอย,124
เธอหลงทาง,124
โกนหนวด,124
แครป,124
บลาๆๆๆ,124
โมนาโก,124
ประถม,124
ผมอยากพบเขา,124
เธฑเธฅเธฃเธฑเธ,124
เอลล,124
บนรถไฟ,124
กระทรวง,124
ใครสนใจ,124
โอคาดะ,124
เดอะเกรด,124
มามาโกะ,124
นายโกง,124
จะถามอะไร,124
จะทำอะไรเหรอ,124
เธญเธดเธฅ,124
ตาคะ,124
โกราน,124
แตรรถ,124
ผมแปลกใจมาก,124
เธฎเธฒเธฃเธน,124
ตลอดไปเหรอ,124
ทานเยอะๆ,124
และโรงแรม,124
เขาทำลาย,124
พวกๆ,124
กรอง,124
นายหาอะไร,124
บางคราว,124
ในคาเมลอต,124
แฮช,124
ประโยคแรก,124
ไปลงนรก,124
ทำอะไรเลย,124
ของสภา,124
คลอง,124
และสาว,124
อาหารทะเล,124
เธอจะทำอะไรของเธอ,124
เซนโซ,124
อเรนเดล,124
ไทโกะบะระ,124
ฮาซาเบะ,124
อาวะ,124
แฟรงก,124
มาทำงาน,124
เอมาเฟอโอ,124
เธอหายไปเลย,124
ขอบโทษนะ,124
วาเนสสา,124
โดส,124
หายไปตลอดกาล,124
ผมจำ,124
ซาโลมอน,124
การลงโทษ,124
บอกเถอะ,124
ในรายงาน,124
ตลกไหม,124
นายอำนวย,124
เลบานอน,124
ขอโทษมากๆ,124
โทษๆ,124
ลมหนาว,124
การตอบสนอง,124
ปานกลาง,124
เอามาเยอะ,124
เธออยากไป,124
เกรส,124
กะทะ,124
โกรธหรอ,124
และพวกเขาจะ,124
เจอศพ,124
สโตเนม,124
เจอราไม,124
วอนแจ,124
เอาไปๆ,124
รานสตอน,124
เตาอบ,124
แหยง,124
คาโด,124
และทรมาน,124
บอกเธอเหรอ,124
หาใคร,124
ตามใจนะ,124
ทำทำไม,124
ตด,124
โบอวน,124
ตอบตกลง,124
ไปซะไป,124
คศ,124
ตายหรอ,124
ใครสนหละ,124
เธอจะไปไหนหรอ,124
เธกเธขเธ,124
เอาตรง,124
ชานตง,124
เธฒเธขเธงเน,124
ผมอาจ,124
เธงเธนเธ,124
เธชเธฐเธญเธฒเธ,124
เธชเธณเธฃเธงเธ,124
เธฒเธกเธญเธตเธ,124
เธกเธทเธญเธญเธฒเธ,124
เธงเธขเธฅเธนเธ,124
เธฑเธงเธญเธญเธ,124
เธงเธฅเธฒเธกเธฒเธ,124
พวกเขาจะเอา,124
เธซเธกเธญ,124
เธอจะหายไป,124
เธฃเธตเธขเธกเน,124
เละ,124
พาเขาลงมา,124
ยอมทำตาม,124
หมายเลขอะไร,124
นอกจากอะไร,124
สมการ,124
เขาอาสาเอง,124
ผมทำอะไรไป,124
เธซเธกเธฑเน,124
เธฅเธขเธชเธด,124
เธออยากตาย,124
บทสนทนา,124
และๆ,124
ถอดกางเกง,124
ลงไปจากรถ,124
เธฅเธฒเธงเน,124
ผมรอ,124
ออสมา,124
ทำไมพวกเธอ,124
เธฅเธฒเธฐเธ,124
เธอโทรหา,124
มองหาอะไรเหรอ,124
เอามาทำไม,124
อซ,124
ไปมา,124
เธอเจอ,124
และเรเชล,124
เธอสวยไหม,124
ทหารบก,124
เธอเหงา,124
โทล,124
เธชเธฅเธ,124
เธขเธกเธต,124
สโตนเฮเวน,124
และเพลง,124
และโอกาส,124
ถอดกางเกงออก,124
เธงเธดเธฃเน,124
เอาพวกเขาออกไป,124
จะออก,124
อนาเบล,124
แฟมมา,124
โกลคลอธ,124
ทนายความของ,124
เรโม,124
แหวนของเธอ,124
มาตลอดเลย,124
ผมเจออะไร,124
คนขายของ,124
อยากเจอผมเหรอ,124
แกทำอะไรนะ,124
ลาก,124
จะพาเธอออกไป,124
สเลสแมน,124
ผมจะตามหาเธอ,124
โพรเทโร,124
ฟอย,124
ชาวนา,124
วาลา,124
พยายามทำ,124
เธอออกจะสวย,124
อาธอส,124
เคยไปไหม,124
ขอเขาเลย,124
หมาตาย,124
เธซเ,124
เธชเ,124
คงจะโปรยปรายลงมา,124
ทำเหรอ,124
ศพของ,124
เธฐเธซเธฅเธ,124
และจบลง,124
เธฐเธกเธฑเน,124
อนาคตของพวกเรา,124
เธงเธขเธฃเธฑเธ,124
เธญเธญเธด,124
ไฟออก,124
ความหายนะ,124
หลายๆคน,124
กระหาย,124
โกเมส,124
ฮาฟแมน,124
โชซอน,124
เธฒเธขเธกเธตเธ,124
เธญเธขเธกเธฑเน,124
ตาของผม,124
ผมตาม,124
เธฃเธดเธงเน,124
อะไรมาก,124
ฮาลคอน,124
เธงเธชเธณเธซเธฃเธฑเธ,124
เธขเธฒเธง,124
เธกเธญเธตเธ,124
โจรกรรม,124
เบลก,124
โลแฮน,124
โอตะ,124
เธฒเธชเธญเธ,124
เธกเธตเธกเธฑเธ,124
เธฒเธซเธฒเธขเน,124
เธฒเธซเธฑเธ,124
ควาน,124
เผาเลย,124
ฮายามะ,124
โคม,124
ผมอยากทำอาหาร,124
ไหนลอง,124
ไปตามเพลง,124
ถอยออกไปซะ,124
โดแรน,124
นำโชค,124
เดอะเบลอ,124
พอๆๆ,124
ทายาท,124
หนา,124
จากอวกาศ,124
นอกเขต,124
ควบไปเลย,124
ราซ,124
คนขายยา,124
แกทำอะไรของแก,124
แสบตา,124
กรรมกร,124
รายของเรา,124
พาล,124
ฮอก,124
ทางไป,124
เทเรส,124
หมอโก,124
ยศ,124
สอนเธอ,124
พาโบ,124
บอกตามตรงนะคะ,124
เซเลส,124
เธอจะเอาอะไร,124
ปวงเทพยดา,124
พาเมลา,124
ทำการทดลอง,124
นายรอด,124
ในลอส,124
จากภายนอก,124
อยากจะขอโทษ,124
ไนเกล,124
เองเหรอ,124
เผาเธอซะ,124
มองชอง,124
จากลอนดอน,124
ยงแทยอง,124
รายงานโดย,124
อาาาาา,124
หมายเลขอะไรนะ,124
เบคกา,124
ทำอะไรคะ,124
เหยาเฟย,124
เราทำพลาด,124
และอาเบด,124
คาโน,124
มอนโรว,124
ผมควรไป,124
ไปไกลเลย,124
รอแปบ,124
นานเลย,124
เชฟคะ,124
อะไรเรอะ,124
เธชเธดเธงเน,124
สะอาดหมดจด,124
ชอบมะ,124
เพลนเชท,124
ตะขอ,124
ทำแตงกวาดอง,124
แถวไหน,124
ตาแก,124
นำทาง,124
ในคน,124
เธกเธฒเธฃเธ,124
กาละแม,124
เลขาจาง,124
เขาวางแผน,124
พาเดร,124
เขาใจไหม,124
ไฟไหม,124
บาทหลวงเบรนนอน,124
เธฃเธฑเธฅเธ,124
เอาแขนมา,124
เธงเธขเธชเธดเน,124
เธฃเธฐเธซเธกเน,124
ออกไปเลยไป,124
เบเรช,124
จอแดน,124
โยนเลย,124
แปม,124
เขามาทำไม,124
เกรโค,124
สเตล,124
เธฑเธงเธญเธ,124
แมคคอย,124
ขายาว,124
สะพานวองโฮ,124
อาชญากรรมลดลง,124
ปลาฉลาม,124
ซายอน,124
ยบ,124
แปลกคน,124
ทรยศเขา,124
เธซเธทเธก,124
ชชชชช,124
พวกคนรวย,124
นำเสนอ,124
เธกเธชเธฒเธกเธฒเธฃเธ,124
บอกผมมาเถอะ,124
เธธเธฃเธธเธฉเธ,124
เคยหรอ,124
เธชเธฒเธกเธกเธดเธ,124
เธซเธฅเธทเธญเธญเธตเธ,124
โยนมา,124
เธอทำไมเหรอ,124
นาโน,124
เธตเธชเธณเธซเธฃเธฑเธ,124
เธฒเธซเธกเธ,124
ไฟราชา,124
เบคเกต,124
แผนกอาชญากรรม,124
เคป,124
นายขอโทษ,124
บอกเธอไป,124
พบใคร,124
มาภายใน,124
มหาราช,124
โอเคพวก,124
ฮาราม,124
อจ,124
เนทหรอ,124
ผมพลาดไป,124
ลองพยายาม,124
กราบขวา,124
เธฃเธงเธกเน,124
เธซเธฒเธขเธฒเธ,124
โหลๆ,124
โดนไป,124
เธฒเธฃเธฅเธ,124
นายเบรแนน,124
เธอเลวมาก,124
วานากา,124
เมอ,124
จงไป,124
ฮงชอล,124
อาหารแมว,124
จะชอบ,124
เซนฯ,124
เราจะหายไป,124
โอโค,124
นำทางเลย,124
เซฮยอง,124
ในความตาย,124
โดยรวม,124
นายทำอะไรหนะ,124
เธฒเธกเธฒเธซเธฒเธ,124
เธกเธฒเธชเธด,124
เธงเธฅเธฒเธญเธตเธ,124
เธงเธฅเธฒเธชเธณเธซเธฃเธฑเธ,124
เขาตกลง,124
เธญเธชเธฒเธฃเธ,124
วาเรน,124
เธฒเธขเธชเธณเธซเธฃเธฑเธ,124
เธฒเธซเธฅเธฑเธ,124
จากโลกภายนอก,124
ฮาดาม,124
ออกตามหา,124
เธญเธฒเธจเธฑเธขเธญเธขเธนเน,124
เธตเธฃเธญเธ,124
เธกเธกเธญเธ,124
ตรงเวลานะ,124
แอสโทรลาเบ,124
เอคโค,124
เชนคอฟ,124
พอใจมาก,124
นายธนาคาร,124
เรจ,124
ยอมเถอะ,124
เฉย,124
ผมไหว,124
นายคง,124
นางแพศยา,124
เชลโล,124
ผมจะโทรหาตำรวจ,124
ซาเอล,124
ไปไกลๆซะ,124
เรส,124
โพเซดอน,124
โลว,124
เวลาไหน,124
เขามาทำอะไร,124
เขาโกหกพวกเรา,124
พวกคนเลว,124
ทำมาย,124
และตลอดกาล,124
นายอาจจะอยาก,124
เธฒเธฃเธขเธ,124
เขาทำพลาด,124
ไปไหนอะ,124
ของโรงพยาบาล,124
เธคเธฉเน,124
ผมแอรอน,124
เธฃเธฒเธฐเธญเธขเน,124
นาดา,124
เธตเธญเธฒเธ,124
เธฒเธงเธฃเน,124
แกมาทำไม,124
ในสภา,124
ไปหรอก,124
ผมเบน,124
เธอมาหาผม,124
เธชเธฃเธฃเน,124
คงจะยาก,124
ทำอะไรของแก,124
ยางแบน,124
เทไรล,124
เซมเมนทอล,124
อนาคอนดา,124
ชานโช,124
ของคำถาม,124
แดคเลน,124
ขอบเขต,124
ผมสลบไป,124
ตราเกล,124
เมกา,124
ลงโทษ,124
คนงาม,124
ทำอะไรฮะ,124
แนว,124
แดนโอ,124
จะถามทำไม,124
เดชะพระนาม,124
เศษกระจก,124
เธฅเธดเธจ,124
เธฅเธฐเธขเธฑเธ,124
ผมพบเธอ,124
รอบสอง,124
โดยา,124
เธฒเธฃเธฅเธฑเธ,124
เธฐเธขเธญเธกเธ,124
ระยะยาว,124
เธชเธทเธญ,124
ในใจ,124
เธซเธฅเธง,124
เรามาทำ,124
ในตรอก,124
เธอพบ,124
ขอโท,124
ฝากบอก,124
คนโนะ,124
โดโรธา,124
ไปเถอะพวกเรา,124
เฮอแมน,124
พาว,124
เธกเธตเธญเธณเธ,124
เธดเธฉ,124
ไบร,124
กระทะ,124
ในการฆาตกรรม,124
เธอโทรหาใคร,124
เธขเธจ,124
เธอสวยมากๆ,124
เธฃเธฒเธฃเธฑเธ,124
ชราม,124
สารภาพมา,124
นายตรวจสอบ,124
เธอทำลาย,124
ทองเหรอ,124
เรนเงะ,124
ตำนานของ,124
นายโค,124
โนเเอล,124
เขาจะพาเธอไป,124
โลงศพ,124
จนเหรอ,124
แกโอเคนะ,124
ในงานศพ,124
แกง,124
แอดเดรส,124
เธฒเธชเธนเธ,124
ตกลงฮะ,124
ผง,124
จากพวกเขา,124
เธชเธงเธขเธกเธฒเธ,124
รอเธอ,124
ขออะไร,124
อยากไปเหรอ,124
ทรมานเหรอ,124
และนำ,124
คำชม,124
และความโลภ,124
เตะเลย,124
คาเลโอ,124
โอบกอด,124
เธงเธน,124
คอนโด,124
ทำอะไรมา,124
แปป,124
อากรอน,124
มอล,124
ความปราถนา,124
มาซะ,124
พวกเขาคง,124
โมโนฮาน,124
พวกเขาชนะ,124
วอท,124
ออล,124
ของประชาชน,124
การทำความสะอาด,124
ละอายใจ,124
ลาโรช,124
เอสเตท,124
นาเลนดรา,124
ดาลเจ,124
เราจะมา,124
และคนของเธอ,124
ผมจะคอย,124
พวกเธอทำอะไร,124
แปลกแหะ,124
เราขาย,124
โบรเดอ,124
อะโน,124
พรรค,124
แรม,124
ซะเอง,124
หลงใหล,124
นายเคยบอก,124
ไปตรงกลาง,124
และโบ,124
นางมาร,124
โมด,124
คนใจดำ,124
มากไปเหรอ,124
โอมา,124
เราสามารถไป,124
ชาเปล,124
เซโอะ,124
รอทำไม,124
เคยทำงาน,124
อเลก,124
เกรงใจ,124
เธอคงจะ,124
เขาจะเอา,124
เธอจะเอา,124
ยายของเธอ,124
เดต,124
พวกเราจะพยายาม,124
ผลงานของ,124
พวกเขาโอเค,124
มะกอก,124
โคโค,124
เธอถามทำไม,124
พอเถอะๆ,124
มาซายะ,124
บอป,124
บอพ,124
ไงละ,124
ราแซค,124
เขาคงจะ,124
ของนายเหรอ,124
บอกมาตรงๆนะ,124
ไปลงนรกซะไป,124
เกน,124
หวานๆ,124
ชะเอม,124
มองมา,124
การรบ,124
เอฟเฟค,124
ดวงใจ,124
ทางหลวงหมายเลข,124
โรว,124
สารภาพมาซะ,124
หากขาด,124
อะไรมา,124
และใคร,124
ไปพาเธอมา,124
แถลงนโยบาย,124
ของกรมตำรวจ,124
คำตอบของคำถาม,124
แอตแลนตา,124
ไอเรส,124
ไปจากผม,124
เฝอ,124
สากล,124
สองคนนะ,124
ฮอคอาย,124
เรนแมน,124
แบลคเวล,124
พาพวกเขา,124
เธอไปทำงาน,124
ผมจะไปหาเธอ,124
ไรเหรอ,124
แบบเธอ,124
เธธเธฃเธธเธกเธดเธ,124
เธงเธฃเธฃเธนเน,124
เออนะ,124
ซาแมนทา,124
ๅค,124
ยาประเภทไหน,124
เธอทำอะไรมา,124
บทภาษาไทยโดย,124
ควย,124
บะบาย,124
พวกเธอไป,124
หมอโอ,124
เบาะแสอะไร,124
นานะโกะ,124
และขโมย,124
แชยอน,124
อาเลคโต,124
ไพเซล,124
ผมมาจากอนาคต,124
อายเหรอ,124
แฮทเชท,124
แดเรล,124
ไปเอง,124
ปกขาว,124
แค,124
และแฟนของเธอ,124
เธงเธชเธ,124
เขาทำไปทำไม,124
เละเทะไปหมด,124
ไปตามหาเขา,124
แคสส,124
และขอ,124
ในรอบแรก,124
ลอต,124
ของผมหรอ,124
คนออกไป,124
เราจะคอย,124
ยอดดวงใจ,124
เธงเธฒเน,124
เทคสอง,124
เธญเธฒเธขเธฒเน,124
ผมขอถาม,124
จองแท,124
ทำๆ,124
เธอชอบเหรอ,124
ประธานของ,124
ๆต,124
พวกเขารวย,124
ของโปรดเลย,124
เธอจะทำไง,124
เธตเธขเธก,124
กใ,124
ใครถาม,124
สา,124
อองเดร,124
ตามเขา,124
รออะไรเหรอ,124
ผมทำไมเหรอ,124
ในบางประเทศ,124
เจล,124
พอง,124
ปลาไหล,124
คนพาล,124
วามอส,124
เอสเพรสโซ,124
ทรยศเรา,124
เคนเนธ,124
จะไปไหนคะ,124
เคลย,124
มาเจอ,124
โอกาสของเรา,124
เมาเหรอ,124
อาหารไทย,124
เธอบอกอะไรพวกเขา,124
ลงนรก,124
ตรงมา,124
อยากไหม,124
แพคแมน,124
เคราแพะ,124
และฉลาดมาก,124
จะอะไร,124
พระเจา,124
รอบทดลอง,124
ผมโทรหา,124
แฟนผมเองฮะ,124
ฝนมากมาก,124
โคเบน,124
ขโมยเหรอ,124
และรอโอกาส,124
ผมจะพา,124
เราไปเถอะ,124
ไปเลยยย,124
เธอทำอะไรของเธอนะ,124
ประกายไฟ,124
แฟนของเขา,124
คาน,124
ซอนโย,124
เฉยเหอะ,124
ราเมง,124
ขอแนะนำนะ,124
นายกเทศฯ,124
ขอโทษน,124
ตำรวจเรอะ,124
พยานของเรา,124
เขาตกลงมา,124
บนรถ,124
ปอดบวม,124
สกาฟ,124
พยาบาท,124
คอส,124
ปลาสอง,124
เธงเธฒเธกเธซเธกเธฒเธขเธ,124
นอต,124
แลก,124
เธชเธซเธฒเธข,124
เราตามรอย,124
เธกเธตเธซเธ,124
ตกนรก,124
โอเคบาย,124
ถนนอะไร,124
หรอฮะ,124
เธชเธฃเธดเธก,124
แผนการของเรา,124
ไวๆ,124
เดรส,124
ไปไหนละ,124
และหมายเลข,124
ไปลงนรกซะเถอะ,124
จะขาว,124
เปป,124
คาโบ,124
มาละ,124
เขาตลกมาก,124
ไปตลาด,124
คนของแก,124
แปลกนะคะ,124
เออม,124
มากๆๆ,124
เอามาทำอะไร,124
ผมหายไป,124
สลบไป,124
เพราะอะไรคะ,124
ไปซาน,124
ทาเอะ,124
คอมเตส,124
ยอดเขา,124
เธอควรไปนะ,124
แชล,124
มหาราชา,124
เธญเธญเธดเน,124
เบเบ,124
มาเลยพวก,124
ตามเธอ,124
ตกใจแทบตาย,124
ระยะเผาขน,124
โอคาโนะ,124
เดบา,124
เคนยะ,124
จากตำรวจ,124
ขอนะ,124
ยอมๆ,124
เขาจบ,124
ภายในระยะ,124
เซนเซ,124
คำนวณ,124
เอมเมท,124
ตารางเวลา,124
อยากจะบอก,124
มาบอกลา,124
อะไรจบ,124
ออกแบบ,124
กาตะ,124
ชายทะเล,124
สามเหรอ,124
สโตรก,124
เบรนนอน,124
โทเปนกา,124
เซนไต,124
สาวแสบ,124
ไรโซ,124
เดอะพาเลส,124
แบคแมน,124
อากาธา,124
นกตาย,124
กรม,124
หายไปในอากาศ,124
เบคแฮม,124
อะไรประกวด,124
และเขาจะ,124
อาซาโนะ,124
เอาๆ,124
ใจหายหมดเลย,124
ไปตกปลา,124
คาบาตะ,124
และทำอะไร,124
และขอโทษ,124
โดยวง,124
ลวงตา,124
หมอตำแย,124
เธฒเธขเธฒ,124
โอเย,124
การแสดงออก,124
เธอสาย,124
และเขาสามารถ,124
ชอ,124
อยากลอง,124
ฮาเซโอ,124
สองในสาม,124
และโกหก,124
เพลส,124
เซฟฟรอน,124
และหาทาง,124
ทางเพศ,124
บอกนาย,124
ทวน,124
