Words;Link;Score
Breaking Bad;MacLaren;1000
Um Sonho de Liberdade;Darabont;991
The Shawshank Redemption;Darabont;991
O Cavaleiro das Trevas;Nolan;965
The Dark Knight;Nolan;965
Game of Thrones;Nutter;963
O Poderoso Chefão;Coppola;950
The Godfather;Coppola;950
A Origem;Nolan;918
Inception;Nolan;918
O Senhor dos Anéis;Jackson;913
Clube da Luta;Fincher;913
Fight Club;Fincher;913
Forrest Gump;Zemeckis;909
Pulp Fiction;Tarantino;908
Chernobyl;Renck;903
A Lista de Schindler;Spielberg;900
Schindler's List;Spielberg;900
Interstellar;Nolan;898
The Godfather Part;Coppola;895
Matrix;Wachowski;889
The Matrix;Wachowski;889
Sherlock;McGuigan;871
Band of Brothers;Frankel;870
Sete;Fincher;869
Seven;Fincher;869
Doze Homens e uma Sentença;Lumet;864
12 Angry Men;Lumet;864
O Silêncio dos Inocentes;Demme;858
The Silence of the Lambs;Demme;858
Stranger Things;Duffer;857
Friends;Halvorson;855
GoodFellas;Scorsese;854
O Resgate do Soldado Ryan;Spielberg;854
Saving Private Ryan;Spielberg;854
Django Livre;Tarantino;852
Django Unchained;Tarantino;852
Star Wars;Lucas;851
À Espera de um Milagre;Darabont;851
The Green Mile;Darabont;851
Gladiador;Scott;851
Gladiator;Scott;851
Ataque dos Titãs;Araki;851
Attack on Titan;Araki;851
Better Call Saul;Gilligan;851
Família Soprano;Patten;846
The Sopranos;Patten;846
The Dark Knight Rises;Nolan;844
O Grande Truque;Nolan;840
The Prestige;Nolan;840
Os Infiltrados;Scorsese;838
The Departed;Scorsese;838
Rick and Morty;Archer;837
Terminator 2: Judgment Day;Cameron;836
Bastardos Inglórios;Tarantino;836
Inglourious Basterds;Tarantino;836
Avatar;Seung-hyun;836
Avatar: The Last Airbender;Seung-hyun;836
The Wire;Chappelle;834
The Good, the Bad and the Ugly;Leone;833
De Volta para o Futuro;Zemeckis;833
Back to the Future;Zemeckis;833
Um Estranho no Ninho;Forman;829
One Flew Over the Cuckoo's Nest;Forman;829
Léon;Besson;828
American History;Kaye;824
O Rei Leão;Allers;823
The Lion King;Allers;823
Os Suspeitos;Singer;822
The Usual Suspects;Singer;822
Amnésia;Nolan;821
Memento;Nolan;821
True Detective;Fukunaga;821
Vingadores: Ultimato;Russo;821
Avengers: Endgame;Russo;821
Joker;Phillips;820
Parasita;Ho;818
Parasite;Ho;818
Whiplash;Chazelle;817
Vingadores: Guerra Infinita;Russo;817
Avengers: Infinity War;Russo;817
A Viagem de Chihiro;Miyazaki;816
Spirited Away;Miyazaki;816
WALL·E;Stanton;815
Dexter;Dahl;813
O Lobo de Wall Street;Scorsese;812
The Wolf of Wall Street;Scorsese;812
Alien;Scott;811
Peaky Blinders;Byrne;811
O Iluminado;Kubrick;809
The Shining;Kubrick;809
Gênio Indomável;Sant;809
Good Will Hunting;Sant;809
Batman Begins;Nolan;809
Intocáveis;Nakache;809
The Intouchables;Nakache;809
The Pianist;Polanski;808
Cidade de Deus;Meirelles;808
City of God;Meirelles;808
The Boys;Sgriccia;808
Black Mirror;Haynes;808
Shutter Island;Scorsese;806
A Vida é Bela;Benigni;803
Life Is Beautiful;Benigni;803
Arcane;Charrue;803
Os Caçadores da Arca Perdida;Spielberg;802
Raiders of the Lost Ark;Spielberg;802
American Beauty;Mendes;801
Death Note;Araki;798
Up: Altas Aventuras;Docter;798
Up;Docter;798
Planet Earth;Fothergill;797
Toy Story;Lasseter;795
Brilho Eterno de uma Mente Sem Lembranças;Gondry;795
Eternal Sunshine of the Spotless Mind;Gondry;795
Cães de Aluguel;Tarantino;794
Reservoir Dogs;Tarantino;794
Coração Valente;Gibson;794
Braveheart;Gibson;794
O Show de Truman;Weir;794
The Truman Show;Weir;794
House;Yaitanes;792
Kill Bill;Tarantino;790
Psicose;Hitchcock;789
Psycho;Hitchcock;789
Aspirants;Karki;789
O Mandaloriano;Famuyiwa;788
The Mandalorian;Famuyiwa;788
One Piece;Sakai;786
Scarface;Palma;785
Procurando Nemo;Stanton;785
Finding Nemo;Stanton;785
The Last of Us;Mazin;785
Dark;Odar;785
Onde os Fracos Não Têm Vez;Coen;784
No Country for Old Men;Coen;784
Aliens;Cameron;783
Parque dos Dinossauros;Spielberg;783
Jurassic Park;Spielberg;783
Narcos;Baiz;783
Seinfeld;Ackerman;782
Requiem for a Dream;Aronofsky;782
The Sixth Sense;Shyamalan;781
Piratas do Caribe;Verbinski;779
Pirates of the Caribbean: The Curse of the Black Pearl;Verbinski;779
Os Vingadores;Whedon;778
The Avengers;Whedon;778
Homem-Aranha no Aranhaverso;Persichetti;778
Spider-Man: Into the Spider-Verse;Persichetti;778
Apocalypse Now;Coppola;777
O Gambito da Rainha;Frank;777
The Queen's Gambit;Frank;777
Casablanca;Curtiz;776
It's a Wonderful Life;Capra;776
House of Cards;Foley;776
Catch Me If You Can;Spielberg;775
Uma Mente Brilhante;Howard;775
A Beautiful Mind;Howard;775
V for Vendetta;McTeigue;775
Vikings;Donnelly;775
Taxi Driver;Scorsese;774
Duro de Matar;McTiernan;774
Die Hard;McTiernan;774
Oppenheimer;Nolan;774
Mad Max: Fury Road;Miller;773
The Walking Dead;Nicotero;772
Titanic;Cameron;771
O Fabuloso Destino de Amélie Poulain;Jeunet;771
Garota Exemplar;Fincher;771
Gone Girl;Fincher;771
Viva;Unkrich;771
Coco;Unkrich;771
South Park;Parker;770
Snatch;Ritchie;770
Ted Lasso;Lowney;770
Fullmetal Alchemist: Brotherhood;Irie;770
Guardiões da Galáxia;Gunn;769
Guardians of the Galaxy;Gunn;769
Heat;Mann;768
The Kashmir Files;Agnihotri;768
Laranja Mecânica;Kubrick;767
A Clockwork Orange;Kubrick;767
Prisoners;Villeneuve;767
2001: Uma Odisseia no Espaço;Kubrick;766
2001: A Space Odyssey;Kubrick;766
How I Met Your Mother;Fryman;766
Monstros S.A.;Docter;765
Monsters, Inc.;Docter;765
Succession;Mylod;765
Deadpool;Miller;764
Os Simpsons;Anderson;763
The Simpsons;Anderson;763
Firefly;Whedon;763
Modern Family;Mancuso;763
Indiana Jones and the Last Crusade;Spielberg;762
Homem-Aranha: Sem Volta para Casa;Watts;762
Spider-Man: No Way Home;Watts;762
Top Gun: Maverick;Kosinski;762
De Olhos Bem Fechados;Kubrick;761
Full Metal Jacket;Kubrick;761
O Exterminador do Futuro;Cameron;760
The Terminator;Cameron;760
Oldboy;Chan-wook;760
Spider-Man: Across the Spider-Verse;Santos;760
O Grande Hotel Budapeste;Anderson;758
The Grand Budapest Hotel;Anderson;758
Ratatouille;Bird;756
Lost;Bender;756
The Big Bang Theory;Cendrowski;756
Janela Indiscreta;Hitchcock;755
Rear Window;Hitchcock;755
Prison Break;Roth;755
Logan;Mangold;755
The Big Lebowski;Coen;754
Westworld;Lewis;754
Divertida Mente;Docter;754
Inside Out;Docter;754
1917;Mendes;754
Os Sete Samurais;Kurosawa;752
Seven Samurai;Kurosawa;752
Blade Runner;Scott;752
O Labirinto do Fauno;Toro;752
Pan's Labyrinth;Toro;752
How to Train Your Dragon;DeBlois;752
Scam 1992: The Harshad Mehta Story;Mehta;752
Mr. Robot;Esmail;752
Sobrenatural;Singer;751
Supernatural;Singer;751
Suits;Smith;751
Mindhunter;Fincher;751
Homem de Ferro;Favreau;750
Iron Man;Favreau;750
Severance;Stiller;750
Gran Torino;Eastwood;750
Invincible;Duncan;750
The Martian;Scott;749
There Will Be Blood;Anderson;748
It's Always Sunny in Philadelphia;Shakman;748
Green Book;Farrelly;746
O Regresso;Iñárritu;745
The Revenant;Iñárritu;745
Fargo;Coen;744
12 Years a Slave;McQueen;744
L.A. Confidential;Hanson;743
3 Idiots;Hirani;743
Dr. Strangelove or: How I Learned to Stop Worrying and Love the Bomb;Kubrick;742
Trainspotting;Boyle;742
Donnie Darko;Kelly;742
Million Dollar Baby;Eastwood;742
Slumdog Millionaire;Boyle;742
Amadeus;Forman;741
Os Incríveis;Bird;741
The Incredibles;Bird;741
Arrested Development;Miller;741
Black Swan;Aronofsky;741
Hunter X Hunter;Kôjina;741
The Imitation Game;Tyldum;740
Jaws;Spielberg;739
Casino;Scorsese;739
Mad Men;Abraham;739
Once Upon a Time in the West;Leone;738
O Túmulo dos Vagalumes;Takahata;738
Grave of the Fireflies;Takahata;738
A Casa do Dragão;Kilner;738
House of the Dragon;Kilner;738
A Vida dos Outros;Donnersmarck;737
The Lives of Others;Donnersmarck;737
La Casa de Papel;Colmenar;737
Money Heist;Colmenar;737
Cosmos: A Spacetime Odyssey;Braga;736
Rocky;Avildsen;735
Sin City;Miller;735
Parks and Recreation;Holland;735
The Last Dance;Hehir;735
Hacksaw Ridge;Gibson;734
BoJack Horseman;Winfrey;734
Yellowstone;Kay;734
Princesa Mononoke;Miyazaki;733
Princess Mononoke;Miyazaki;733
Sons of Anarchy;Barclay;733
Brooklyn Nine-Nine;McDonald;733
Sociedade dos Poetas Mortos;Weir;731
Dead Poets Society;Weir;731
Lock, Stock and Two Smoking Barrels;Ritchie;731
La La Land;Chazelle;730
Casino Royale;Campbell;729
Thor: Ragnarok;Waititi;729
Ozark;Bateman;729
Your Name;Shinkai;729
Your Name.;Shinkai;729
Groundhog Day;Ramis;728
The King's Speech;Hooper;728
Shameless;MacDonald;728
Entre Facas e Segredos;Johnson;728
Knives Out;Johnson;728
The Thing;Carpenter;727
Twin Peaks;Lynch;727
Downton Abbey;Percival;727
Her;Jonze;727
Arrival;Villeneuve;727
Fleabag;Bradbeer;727
The Haunting of Hill House;Flanagan;727
Em Busca do Cálice Sagrado;Gilliam;726
Monty Python and the Holy Grail;Gilliam;726
O Castelo Animado;Miyazaki;726
Howl's Moving Castle;Miyazaki;726
A Knight of the Seven Kingdoms;Harris;726
The Crown;Caron;726
Three Billboards Outside Ebbing, Missouri;McDonagh;726
Cinema Paradiso;Tornatore;725
Andor;Haynes;725
The X-Files;Manners;724
Into the Wild;Penn;724
Gravity Falls;Pitt;724
Cidadão Kane;Welles;723
Citizen Kane;Welles;723
12 Monkeys;Gilliam;723
Shrek;Adamson;723
The Bourne Ultimatum;Greengrass;723
Community;Shapeero;723
The Bear;Storer;723
Edge of Tomorrow;Liman;722
Ford v Ferrari;Mangold;722
Once Upon a Time in America;Leone;721
X-Men: Days of Future Past;Singer;721
The Hunt;Vinterberg;721
Cowboy Bebop;Watanabe;720
O Hobbit;Jackson;720
The Hobbit: An Unexpected Journey;Jackson;720
Naruto Shippuden;Date;720
Naruto: Shippuden;Date;720
The Batman;Reeves;720
Rush;Howard;720
Capitão América: Guerra Civil;Russo;720
Captain America: Civil War;Russo;720
Loki;Herron;720
Unforgiven;Eastwood;719
Harry Potter and the Prisoner of Azkaban;Cuarón;719
Round 6;Dong-hyuk;719
Squid Game;Dong-hyuk;719
Um Corpo que Cai;Hitchcock;718
Vertigo;Hitchcock;718
District;Blomkamp;718
Fallout;Toye;718
Modern Times;Chaplin;717
Blood Diamond;Zwick;717
Warrior;O'Connor;717
The Help;Taylor;717
Homeland;Glatter;717
Spotlight;McCarthy;717
Dexter: Resurrection;Siega;717
The Pursuit of Happyness;Muccino;716
Shōgun;Toye;716
Futurama;Avanzino;715
North by Northwest;Hitchcock;714
Batman: The Animated Series;Altieri;714
Rome;Apted;714
The Penguin;Zobel;714
The Exorcist;Friedkin;713
Life of Pi;Lee;713
Jai Bhim;Gnanavel;713
Rain Man;Levinson;712
A Rede Social;Fincher;712
The Social Network;Fincher;712
Captain America: The Winter Soldier;Russo;712
Corra;Peele;712
Get Out;Peele;712
Stand by Me;Reiner;711
Doctor Who;Harper;711
Dunkirk;Nolan;711
Harry Potter;Columbus;710
Harry Potter and the Sorcerer's Stone;Columbus;710
Room;Abrahamson;710
The Pitt;Marcano;710
One Punch Man;Natsume;710
Demon Slayer: Kimetsu no Yaiba;Sotozaki;710
Platoon;Stone;709
Curb Your Enthusiasm;Schaffer;709
A Queda;Hirschbiegel;709
Downfall;Hirschbiegel;709
The Hangover;Phillips;709
The Wizard of Oz;Fleming;708
Lawrence of Arabia;Lean;708
Freaks and Geeks;Kasdan;708
Boardwalk Empire;Patten;708
Skyfall;Mendes;708
Bohemian Rhapsody;Singer;708
Sex Education;Taylor;708
Battlestar Galactica;Rymer;707
Drive;Refn;707
The Hobbit: The Desolation of Smaug;Jackson;707
Gravity;Cuarón;707
Rogue One;Edwards;707
Rogue One: A Star Wars Story;Edwards;707
Sozinho em Casa;Columbus;706
Home Alone;Columbus;706
Scrubs;Spiller;706
The Curious Case of Benjamin Button;Fincher;706
When They See Us;DuVernay;705
Os Oito Odiados;Tarantino;704
The Hateful Eight;Tarantino;704
Meu Vizinho Totoro;Miyazaki;703
My Neighbor Totoro;Miyazaki;703
A Bela e a Fera;Trousdale;703
Beauty and the Beast;Trousdale;703
Aladdin;Clements;702
Fringe;Chappelle;702
Panchayat;Mishra;702
The Perks of Being a Wallflower;Chbosky;702
This Is Us;Olin;702
Gone with the Wind;Fleming;701
Cast Away;Zemeckis;701
The Notebook;Cassavetes;701
Wandinha;Burton;701
Wednesday;Burton;701
12th Fail;Chopra;701
The Great Dictator;Chaplin;700
Sunset Boulevard;Wilder;700
To Kill a Mockingbird;Mulligan;700
The Princess Bride;Reiner;700
Raging Bull;Scorsese;699
Children of Men;Cuarón;699
Six Feet Under;Ball;699
Nightcrawler;Gilroy;699
O Conto da Aia;Barker;699
The Handmaid's Tale;Barker;699
Once Upon a Time... in Hollywood;Tarantino;699
City Lights;Chaplin;697
The Twilight Zone;Brahm;697
Dallas Buyers Club;Vallée;697
Silver Linings Playbook;Russell;697
Kingsman: The Secret Service;Vaughn;697
Das Boot;Petersen;696
Família da Pesada;Purdum;696
Family Guy;Purdum;696
Shaun of the Dead;Wright;696
Hotel Rwanda;George;696
300;Snyder;696
Project Hail Mary;Lord;696
X-Men: First Class;Vaughn;696
Big Little Lies;Vallée;696
Singin' in the Rain;Donen;695
O Franco Atirador;Cimino;695
The Deer Hunter;Cimino;695
Harry Potter and the Goblet of Fire;Newell;695
Vinland Saga;Yabuta;695
Soul;Docter;695
Cobra Kai;Hurwitz;695
Paths of Glory;Kubrick;694
Chinatown;Polanski;694
Back to the Future Part;Zemeckis;694
Before Sunrise;Linklater;694
Mystic River;Eastwood;694
Jujutsu Kaisen;Goshozono;694
A Separation;Farhadi;694
Person of Interest;Fisher;694
The Witcher;Lopez;694
The Bourne Identity;Liman;693
Leyla and Mecnun;Ünlü;693
Monty Python's Life of Brian;Jones;692
Archer;Fordney;692
Star Trek: The Next Generation;Bole;691
American Psycho;Harron;691
Love, Death & Robots;Pennacchioli;691
Some Like It Hot;Wilder;690
In Bruges;McDonagh;690
Birdman or (The Unexpected Virtue of Ignorance);Iñárritu;690
For a Few Dollars More;Leone;689
The Sting;Hill;689
Jojo Rabbit;Waititi;689
Euphoria;Levinson;689
Edward Scissorhands;Burton;688
Ocean's Eleven;Soderbergh;688
Big Fish;Burton;688
Hot Fuzz;Wright;688
Zodiac;Fincher;688
Taken;Morel;688
Mare of Easttown;Zobel;688
1883;Richardson;688
Dhindora;Gaur;688
The Expanse;Eisner;688
E.T. the Extra-Terrestrial;Spielberg;687
Little Miss Sunshine;Dayton;687
Harry Potter and the Deathly Hallows;Yates;687
Argo;Affleck;687
Hachi: A Dog's Tale;Hallström;687
Zack Snyder's Justice League;Snyder;687
Incendies;Villeneuve;687
The Last Kingdom;East;687
Guardians of the Galaxy Vol.;Gunn;687
Big Hero;Hall;686
Ex Machina;Garland;685
The Big Short;McKay;685
Silicon Valley;Judge;685
Lucifer;Hope;685
Dangal;Tiwari;685
The Marvelous Mrs. Maisel;Sherman-Palladino;685
The Elephant Man;Lynch;684
24;Cassar;684
Top Gear;Klein;684
Everything Everywhere All at Once;Kwan;684
The Great Escape;Sturges;683
Mr. Bean;Birkin;682
Scent of a Woman;Brest;682
Training Day;Fuqua;682
The IT Crowd;Linehan;682
Doctor Strange;Derrickson;682
Captain Phillips;Greengrass;682
Before Sunset;Linklater;681
Like Stars on Earth;Khan;681
Schitt's Creek;Fox;681
Predator;McTiernan;680
Mulholland Drive;Lynch;680
The Last Samurai;Zwick;680
Fawlty Towers;Spiers;679
Superbad;Mottola;679
The Night Of;Zaillian;679
Adolescence;Barantini;679
Ghostbusters;Reitman;678
The Nightmare Before Christmas;Selick;678
Magnolia;Anderson;678
American Gangster;Scott;678
WandaVision;Shakman;678
The Apartment;Wilder;677
Homem-Aranha;Raimi;677
Spider-Man;Raimi;677
The Sound of Music;Wise;676
The Breakfast Club;Hughes;676
The Irishman;Scorsese;676
Entourage;Farino;675
Harry Potter and the Half-Blood Prince;Yates;675
The Father;Zeller;675
Orange Is the New Black;McCarthy;675
Last Week Tonight with John Oliver;Pennolino;675
Dragon Ball Z;Nishio;674
Harry Potter and the Chamber of Secrets;Columbus;674
Tangled;Greno;674
The Secret in Their Eyes;Campanella;674
The Hunger Games: Catching Fire;Lawrence;674
Heated Rivalry;Tierney;674
Pride and Prejudice;Langton;673
Oz;Bernstein;673
Boyhood;Linklater;673
Despicable Me;Coffin;673
The White Lotus;White;673
The Newsroom;Poul;673
Sicario;Villeneuve;673
Encontros e Desencontros;Coppola;672
Lost in Translation;Coppola;672
Soorarai Pottru;Kongara;672
Adventure Time;Han;672
Klaus;Pablos;672
Ben-Hur;Wyler;671
Minority Report;Spielberg;671
500 Days of Summer;Webb;671
Kick-Ass;Vaughn;671
Justified;Arkin;671
Outlander;Hüseyin;671
Marriage Story;Baumbach;671
Dances with Wolves;Costner;670
Deadwood;Bianchi;670
Memories of Murder;Ho;670
The Bourne Supremacy;Greengrass;670
Watchmen;Snyder;670
The Mentalist;Long;670
Rise of the Planet of the Apes;Wyatt;670
Star Trek Into Darkness;Abrams;670
About Time;Curtis;670
Fury;Ayer;670
The Theory of Everything;Marsh;670
The Heroes;ZarrinAbadi;670
Naruto;Date;669
Apocalypto;Gibson;669
Californication;Ancken;669
American Horror Story;Buecker;669
After Life;Gervais;669
The Graduate;Nichols;668
Ferris Bueller's Day Off;Hughes;668
The Iron Giant;Bird;668
Harry Potter and the Order of the Phoenix;Yates;668
Star Wars: The Clone Wars;Filoni;668
Sherlock Holmes;Ritchie;668
Wreck-It Ralph;Moore;668
The Wild Robot;Sanders;668
Pirates of the Caribbean: Dead Man's Chest;Verbinski;667
Kung Fu Panda;Osborne;667
Luther;Miller;667
Avengers: Age of Ultron;Whedon;667
The Good Place;Holland;667
Witness for the Prosecution;Wilder;666
Dog Day Afternoon;Lumet;666
The Fighter;Russell;666
Baby Driver;Wright;666
Reacher;Hill;666
M;Lang;665
The Bridge on the River Kwai;Lean;665
The Game;Fincher;665
Zombieland;Fleischer;665
Spider-Man: Homecoming;Watts;665
Double Indemnity;Wilder;664
The Butterfly Effect;Bress;664
Crash;Haggis;664
Code Geass: Lelouch of the Rebellion;Taniguchi;664
Moon;Jones;664
Blue Eye Samurai;Wu;664
Um Lugar Silencioso;Krasinski;664
A Quiet Place;Krasinski;664
The Fifth Element;Besson;663
Mentes Criminosas;Kershaw;663
Criminal Minds;Kershaw;663
The Wrestler;Aronofsky;663
Black Hawk Down;Scott;662
The Office;Gervais;662
Wild Tales;Szifron;662
Metrópolis;Lang;661
Metropolis;Lang;661
Buffy: A Caça-Vampiros;Whedon;661
Buffy the Vampire Slayer;Whedon;661
Amores Perros;Iñárritu;661
Pride & Prejudice;Wright;661
Pantera Negra;Coogler;661
Black Panther;Coogler;661
Almost Famous;Crowe;660
Jogos Vorazes;Ross;660
The Hunger Games;Ross;660
The Conjuring;Wan;660
Avatar: The Way of Water;Cameron;660
La haine;Kassovitz;659
Saw;Wan;659
Moneyball;Miller;659
Banshee;Madsen;659
Dawn of the Planet of the Apes;Reeves;659
Lion;Davis;659
Bicycle Thieves;Sica;658
Boogie Nights;Anderson;658
Fantastic Mr. Fox;Anderson;658
Peacemaker;Gunn;658
Frozen;Buck;658
PK;Hirani;658
Call Me by Your Name;Guadagnino;658
Rosemary's Baby;Polanski;657
The Untouchables;Palma;657
Man on Fire;Scott;657
Brokeback Mountain;Lee;657
The Lego Movie;Lord;657
The Blacklist;McCarthy;657
Taboo;Engström;657
Manchester by the Sea;Lonergan;657
Mission: Impossible - Fallout;McQuarrie;657
The Seventh Seal;Bergman;656
The Fugitive;Davis;656
Crouching Tiger, Hidden Dragon;Lee;656
Love Actually;Curtis;656
Source Code;Jones;656
Annie Hall;Allen;655
Indiana Jones;Spielberg;655
Indiana Jones and the Temple of Doom;Spielberg;655
Silo;Templemore;655
Deadpool & Wolverine;Levy;655
Gandhi;Attenborough;654
Ice Age;Wedge;654
Poor Things;Lanthimos;654
Midnight in Paris;Allen;654
The End of the F***ing World;Entwistle;654
Ip Man;Yip;653
Dial M for Murder;Hitchcock;652
Butch Cassidy and the Sundance Kid;Hill;652
Barry Lyndon;Kubrick;652
28 Days Later;Boyle;652
Atonement;Wright;652
Limitless;Burger;652
In the Name of the Father;Sheridan;651
Gilmore Girls;Babbit;651
Mary and Max;Elliot;651
All Quiet on the Western Front;Berger;651
The Vampire Diaries;Grismer;651
A Star Is Born;Cooper;651
The Legend of Korra;Graham;651
Moonrise Kingdom;Anderson;651
The Handmaiden;Chan-wook;651
That '70s Show;Trainer;650
The Machinist;Anderson;650
True Blood;Lehmann;650
Looper;Johnson;650
Sense8;Wachowski;650
The Third Man;Reed;649
Rashōmon;Kurosawa;649
Rashomon;Kurosawa;649
Akira;Ôtomo;649
Neon Genesis Evangelion;Anno;649
Being John Malkovich;Jonze;649
Serenity;Whedon;649
K.G.F: Chapter;Neel;649
The Umbrella Academy;Webb;649
Crazy, Stupid, Love.;Ficarra;649
Solo Leveling;Nakashige;649
The Hobbit: The Battle of the Five Armies;Jackson;649
Slow Horses;Randall;649
Die Hard: With a Vengeance;McTiernan;648
The Others;Amenábar;648
X2: X-Men United;Singer;648
The Pacific;Podeswa;648
Wonder Woman;Jenkins;648
True Romance;Scott;647
Donnie Brasco;Newell;647
Gangs of New York;Scorsese;647
Inside Man;Lee;647
I Am Legend;Lawrence;647
The Americans;Long;647
Broadchurch;Strong;647
The Fault in Our Stars;Boone;647
Making a Murderer;Demos;647
Barry;Hader;647
Capernaum;Labaki;647
A Fistful of Dollars;Leone;646
Network;Lumet;646
O Brother, Where Art Thou?;Coen;646
Coraline;Selick;646
Scott Pilgrim vs. the World;Wright;646
The Hurt Locker;Bigelow;646
Castle;Bowman;646
Hamilton;Kail;646
Gattaca;Niccol;645
Mulan;Bancroft;645
Malcolm in the Middle;Holland;645
Psych;Damski;645
30 Rock;Scardino;645
John Wick;Stahelski;645
It: A Coisa;Muschietti;645
The Holdovers;Payne;645
The Originals;Hastings;645
Dhurandhar;Dhar;645
Dil Bechara;Chhabra;645
Planet of the Apes;Schaffner;644
Carlito's Way;Palma;644
X-Men;Singer;644
Juno;Reitman;644
Shershaah;Vishnuvardhan;644
CODA;Heder;644
One Battle After Another;Anderson;644
Sinners;Coogler;644
Hidden Figures;Melfi;644
The Invisible Guest;Paulo;644
Tenet;Nolan;644
Unbelievable;Cholodenko;644
Halloween;Carpenter;643
Apollo;Howard;643
As Good as It Gets;Brooks;643
Cinderella Man;Howard;643
Lucky Number Slevin;McGuigan;643
Mission: Impossible - Ghost Protocol;Bird;643
How to Get Away with Murder;D'Elia;643
Little Women;Gerwig;643
On the Waterfront;Kazan;642
Ran;Kurosawa;642
Men in Black;Sonnenfeld;642
Walk the Line;Mangold;642
Collateral;Mann;642
Chuck;McNeill;642
White Collar;Kretchmer;642
Normal People;Abrahamson;642
The Goonies;Donner;641
The Blind Side;Hancock;641
Only Murders in the Building;Babbit;641
Arrow;Bamford;641
The Leftovers;Leder;641
All About Eve;Mankiewicz;640
The Terminal;Spielberg;640
Ant-Man;Reed;640
The Town;Affleck;640
Now You See Me;Leterrier;640
Ready Player One;Spielberg;640
Spider-Man: Far from Home;Watts;640
The Kid;Chaplin;639
Cool Hand Luke;Rosenberg;639
The Blues Brothers;Landis;639
Nausicaä of the Valley of the Wind;Miyazaki;639
Castle in the Sky;Miyazaki;639
A Few Good Men;Reiner;639
The Devil's Advocate;Hackford;639
Grey's Anatomy;McKidd;639
Cyberpunk: Edgerunners;Imaishi;639
True Grit;Coen;639
Wind River;Sheridan;639
Misery;Reiner;638
Stargate SG-1;DeLuise;638
New Girl;O'Donnell;638
Orphan Black;Fawcett;638
Puss in Boots: The Last Wish;Crawford;638
Split;Shyamalan;638
You;Tree;638
The Treasure of the Sierra Madre;Huston;637
Yojimbo;Kurosawa;637
Come and See;Klimov;637
Batman;Burton;637
Eyes Wide Shut;Kubrick;637
Troy;Petersen;637
Pirates of the Caribbean: At World's End;Verbinski;637
Jack Ryan;Turner;637
A Silent Voice: The Movie;Yamada;637
Rebecca;Hitchcock;636
First Blood;Kotcheff;636
In the Mood for Love;Kar-Wai;636
Lord of War;Niccol;636
Sherlock Holmes: A Game of Shadows;Ritchie;636
127 Hours;Boyle;636
F1: The Movie;Kosinski;636
The Artist;Hazanavicius;636
Penny Dreadful;Thomas;636
3:10 to Yuma;Mangold;635
Man of Steel;Snyder;635
Maid;Wells;635
50/50;Levine;635
Gotham;Bailey;635
JFK;Stone;634
Remember the Titans;Yakin;634
The Aviator;Scorsese;634
American Crime Story;Murphy;634
Captain Fantastic;Ross;634
Bridge of Spies;Spielberg;634
Billions;Bucksey;634
Star Trek;Daniels;633
Willy Wonka & the Chocolate Factory;Stuart;633
Young Frankenstein;Brooks;633
Airplane!;Abrahams;633
Jackie Brown;Tarantino;633
Borat;Charles;633
The Illusionist;Burger;633
The Inbetweeners;Palmer;633
Baahubali 2: The Conclusion;Rajamouli;633
Primal Fear;Hoblit;632
The Royal Tenenbaums;Anderson;632
The Gentlemen;Ritchie;632
I'm Still Here;Salles;632
American Sniper;Eastwood;632
Killing Eve;Thomas;632
The Matrix Reloaded;Wachowski;631
Let the Right One In;Alfredson;631
Altered Carbon;Briesewitz;631
Jessica Jones;Surjik;631
MobLand;Byrne;631
The Morning Show;Leder;631
Filadélfia;Demme;630
Philadelphia;Demme;630
Thor;Branagh;630
Seven Pounds;Muccino;630
Changeling;Eastwood;630
The Boy in the Striped Pajamas;Herman;630
Straight Outta Compton;Gray;630
Beef;Schreier;630
Mission: Impossible - Dead Reckoning Part One;McQuarrie;630
When Harry Met Sally...;Reiner;629
Total Recall;Verhoeven;629
What's Eating Gilbert Grape;Hallström;629
Interview with the Vampire: The Vampire Chronicles;Jordan;629
10 Things I Hate About You;Junger;629
Dogville;Trier;629
Cars;Lasseter;629
The Girl with the Dragon Tattoo;Oplev;629
21 Jump Street;Lord;629
Bullet Train;Leitch;629
The Great Gatsby;Luhrmann;629
Wonder;Chbosky;629
Bodyguard;Strickland;629
Scream;Craven;628
Law & Order: Special Victims Unit;Segonzac;628
SpongeBob SquarePants;Waller;628
Hero;Zhang;628
Black Sails;Boyum;628
Mission: Impossible - Rogue Nation;McQuarrie;628
Incredibles;Bird;628
Brazil;Gilliam;627
RoboCop;Verhoeven;627
A Pequena Sereia;Clements;627
The Little Mermaid;Clements;627
Office Space;Judge;627
Gone Baby Gone;Affleck;627
Shrinking;Winston;627
Black Bird;Roskam;627
Paris, Texas;Wenders;626
Mr. Nobody;Dormael;626
Les Misérables;Hooper;626
Train to Busan;Sang-ho;626
Road to Perdition;Mendes;625
Stardust;Vaughn;625
The Man from Earth;Schenkman;625
Before Midnight;Linklater;625
Boku no Hero Academia;Nagasaki;625
My Hero Academia;Nagasaki;625
Ikiru;Kurosawa;624
Roman Holiday;Wyler;624
Stalker;Tarkovsky;624
Lethal Weapon;Donner;624
Beetlejuice;Burton;624
Transformers;Bay;624
Hugo;Scorsese;624
The Banshees of Inisherin;McDonagh;624
Chainsaw Man;Nakayama;624
The Greatest Showman;Gracey;624
1923;Richardson;624
The Nice Guys;Black;624
A Christmas Story;Clark;623
Dexter: New Blood;Siega;623
Once Upon a Time;Hemecker;623
End of Watch;Ayer;623
No Time to Die;Fukunaga;623
Isle of Dogs;Anderson;623
Andhadhun;Raghavan;623
Narcos: Mexico;Baiz;623
Shang-Chi and the Legend of the Ten Rings;Cretton;623
Blue Velvet;Lynch;622
The Whale;Aronofsky;622
Gangs of Wasseypur;Kashyap;622
Pluribus;Smith;622
The Day of the Jackal;Kirk;622
Baahubali: The Beginning;Rajamouli;622
Atypical;Jann;622
RRR;Rajamouli;622
Mr. Smith Goes to Washington;Capra;621
The Maltese Falcon;Huston;621
Clerks;Smith;621
Lagaan: Once Upon a Time in India;Gowariker;621
The Shape of Water;Toro;621
Nobody;Naishuller;621
The Gold Rush;Chaplin;620
Ghost in the Shell;Oshii;620
Unbreakable;Shyamalan;620
The Equalizer;Fuqua;620
Eastern Promises;Cronenberg;620
Don't Look Up;McKay;620
Hell or High Water;Mackenzie;620
Mary Poppins;Stevenson;619
Papillon;Schaffner;619
Who Framed Roger Rabbit;Zemeckis;619
Rang De Basanti;Mehra;619
Capitão América;Johnston;619
Captain America: The First Avenger;Johnston;619
The Reader;Daldry;619
Lone Survivor;Berg;619
Bates Motel;Gates;619
Drishyam;Kamat;619
Hereditário;Aster;619
Hereditary;Aster;619
Wild Strawberries;Bergman;618
The Rock;Bay;618
World War Z;Forster;618
Furiosa: A Mad Max Saga;Miller;618
Landman;Kay;618
Fantastic Beasts and Where to Find Them;Yates;618
Rope;Hitchcock;617
Tombstone;Cosmatos;617
Dumb and Dumber;Farrelly;617
Ed Wood;Burton;617
Contact;Zemeckis;617
The Insider;Mann;617
South Park: Bigger, Longer & Uncut;Parker;617
Moulin Rouge!;Luhrmann;617
Swades;Gowariker;617
Another Round;Vinterberg;617
BlacKkKlansman;Lee;617
Persona;Bergman;616
The Boondock Saints;Duffy;616
Bones;Toynton;616
Fast Five;Lin;616
American Hustle;Russell;616
Lady Bird;Gerwig;616
Killers of the Flower Moon;Scorsese;616
It Happened One Night;Capra;615
Goldfinger;Hamilton;615
This Is Spinal Tap;Reiner;615
Kiki's Delivery Service;Miyazaki;615
Frasier;Lee;615
A Bronx Tale;Niro;615
Missão: Impossível;Palma;615
Mission: Impossible;Palma;615
Face/Off;Woo;615
Infernal Affairs;Lau;615
I, Robot;Proyas;615
Up in the Air;Reitman;615
The Night Manager;Bier;615
Sharp Objects;Vallée;615
The 100;White;615
Married... with Children;Cohen;614
Speed;Bont;614
Three Colors: Red;Kieslowski;614
21 Grams;Iñárritu;614
Lie to Me;Sackheim;614
Bob's Burgers;Derriman;614
Weapons;Cregger;614
Moonlight;Jenkins;614
Uncut Gems;Safdie;614
The 400 Blows;Truffaut;613
Sleepy Hollow;Burton;613
Enemy at the Gates;Annaud;613
My Father and My Son;Irmak;613
Skins;Martin;613
Demon Slayer;Sotozaki;613
Demon Slayer: Kimetsu no Yaiba - The Movie: Mugen Train;Sotozaki;613
Kantara;Shetty;613
The Menu;Mylod;613
From;Bender;613
Spartacus;Kubrick;612
8½;Fellini;612
The Fresh Prince of Bel-Air;Jensen;612
Blow;Demme;612
Bowling for Columbine;Moore;612
Sweeney Todd: The Demon Barber of Fleet Street;Burton;612
Law Abiding Citizen;Gray;612
Zero Dark Thirty;Bigelow;612
Awakenings;Marshall;611
NCIS;Smith;611
Letters from Iwo Jima;Eastwood;611
The Trial of the Chicago;Sorkin;611
Prometheus;Scott;611
Misfits;Green;611
13 Reasons Why;Yu;611
Me Before You;Sharrock;611
Dept. Q;Frank;611
Nocturnal Animals;Ford;611
The Mountain;Caglar;611
The Good Doctor;Listo;611
Branca de Neve;Cottrell;610
Snow White and the Seven Dwarfs;Cottrell;610
Strangers on a Train;Hitchcock;610
King Kong;Jackson;610
Perfume: The Story of a Murderer;Tykwer;610
Match Point;Allen;610
Past Lives;Song;610
Society of the Snow;Bayona;610
Flight;Zemeckis;610
The Accountant;O'Connor;610
Predestination;Spierig;610
Bajrangi Bhaijaan;Khan;610
The Rookie;Roe;610
Portrait of a Lady on Fire;Sciamma;610
Close Encounters of the Third Kind;Spielberg;609
Corpse Bride;Burton;609
Babel;Iñárritu;609
Cloud Atlas;Tykwer;609
War for the Planet of the Apes;Reeves;609
The Grapes of Wrath;Ford;608
Boyz n the Hood;Singleton;608
Fear and Loathing in Las Vegas;Gilliam;608
Good Omens;Mackinnon;608
The Raid: Redemption;Evans;608
Sully;Eastwood;608
The Suicide Squad;Gunn;608
The General;Bruckman;607
Kramer vs. Kramer;Benton;607
Perfect Blue;Kon;607
I Saw the Devil;Jee-woon;607
11.22.63;Strong;607
The Fly;Cronenberg;606
The Naked Gun: From the Files of Police Squad!;Zucker;606
Independence Day;Emmerich;606
The Secret Life of Walter Mitty;Stiller;606
Frankenstein;Toro;606
Baby Reindeer;Tofilska;606
The Impossible;Bayona;606
Grimm;Barba;606
Daredevil: Born Again;Benson;606
The Raid;Evans;606
I, Tonya;Gillespie;606
The Birds;Hitchcock;605
All the President's Men;Pakula;605
Equilibrium;Wimmer;605
The Simpsons Movie;Silverman;605
Heroes;Beeman;605
Elite Squad;Padilha;605
The Amazing Spider-Man;Webb;605
Glass Onion;Johnson;605
The Favourite;Lanthimos;605
Sound of Metal;Marder;605
Dazed and Confused;Linklater;604
Run Lola Run;Tykwer;604
Finding Neverland;Forster;604
Master and Commander: The Far Side of the World;Weir;604
Monk;Zisk;604
Munich;Spielberg;604
The Fall of the House of Usher;Fimognari;604
The Lighthouse;Eggers;604
Promising Young Woman;Fennell;604
O Livro da Selva;Reitherman;603
The Jungle Book;Reitherman;603
Dirty Harry;Siegel;603
The Road Warrior;Miller;603
Sleepers;Levinson;603
The Mummy;Sommers;603
The Thin Red Line;Malick;603
Adaptation.;Jonze;603
Kingdom of Heaven;Scott;603
Monsters University;Scanlon;603
Anatomy of a Fall;Triet;603
The Substance;Fargeat;603
What We Do in the Shadows;Clement;603
Manhattan;Allen;602
A Nightmare on Elm Street;Craven;602
Glory;Zwick;602
National Lampoon's Christmas Vacation;Chechik;602
Starship Troopers;Verhoeven;602
Rushmore;Anderson;602
Erin Brockovich;Soderbergh;602
Jurassic World;Trevorrow;602
The Diving Bell and the Butterfly;Schnabel;602
The 40-Year-Old Virgin;Apatow;602
Stranger Than Fiction;Forster;602
Teen Wolf;Mulcahy;602
The Sandman;Childs;602
Godzilla Minus One;Yamazaki;602
Hunt for the Wilderpeople;Waititi;602
The Sinner;Campos;602
Night of the Living Dead;Romero;601
The Last of the Mohicans;Mann;601
Mean Girls;Waters;601
The Last King of Scotland;Macdonald;601
Tropic Thunder;Stiller;601
Oblivion;Kosinski;601
Ted;MacFarlane;601
Free Guy;Levy;601
El Camino;Gilligan;601
The Terminal List;Toye;600
Valente;Andrews;600
Brave;Andrews;600
Midsommar;Aster;600
The Straight Story;Lynch;599
Thank You for Smoking;Reitman;599
Alice in Borderland;Satô;599
Elementary;Ferland;599
Agents of S.H.I.E.L.D.;Tancharoen;599
Anora;Baker;599
The Orville;Cassar;599
The Night of the Hunter;Laughton;598
Evil Dead;Raimi;598
Do the Right Thing;Lee;598
The Hunt for Red October;McTiernan;598
The Crow;Proyas;598
The Talented Mr. Ripley;Minghella;598
Dancer in the Dark;Trier;598
Traffic;Soderbergh;598
A History of Violence;Cronenberg;598
Alita: Battle Angel;Rodriguez;598
Megamind;McGrath;598
Midnight Mass;Flanagan;598
The Man in the High Castle;Percival;598
Upgrade;Whannell;598
Blazing Saddles;Brooks;597
Top Gun;Scott;597
Thelma & Louise;Scott;597
Dracula;Coppola;597
Sling Blade;Thornton;597
Notting Hill;Michell;597
Talk to Her;Almodóvar;597
Ray;Hackford;597
Weeds;Zisk;597
The Devil Wears Prada;Frankel;597
Persepolis;Paronnaud;597
10 Cloverfield Lane;Trachtenberg;597
My Name Is Khan;Johar;597
Rango;Verbinski;597
Bridgerton;Verica;597
A Streetcar Named Desire;Kazan;596
Falling Down;Schumacher;596
Dark City;Proyas;596
25th Hour;Lee;596
Kung Fu Hustle;Chow;596
Shooter;Fuqua;596
Conclave;Berger;596
Searching;Chaganty;596
From Dusk Till Dawn;Rodriguez;595
Jerry Maguire;Crowe;595
The Count of Monte Cristo;Reynolds;595
Good Bye Lenin!;Becker;595
Moon Knight;Diab;595
The Place Beyond the Pines;Cianfrance;595
Furious;Wan;595
High Noon;Zinnemann;594
Dawn of the Dead;Romero;594
The Celebration;Vinterberg;594
Live Free or Die Hard;Wiseman;594
Sideways;Payne;594
Ponyo;Miyazaki;594
Tulsa King;Ferland;594
We're the Millers;Thurber;594
Touch of Evil;Welles;593
Patton;Schaffner;593
The King of Comedy;Scorsese;593
True Lies;Cameron;593
School of Rock;Linklater;593
Gossip Girl;Piznarski;593
The Man from U.N.C.L.E.;Ritchie;593
Notorious;Hitchcock;592
Midnight Cowboy;Schlesinger;592
Planes, Trains & Automobiles;Hughes;592
The Abyss;Cameron;592
The Emperor's New Groove;Dindal;592
8 Mile;Hanson;592
Identity;Mangold;592
Kiss Kiss Bang Bang;Black;592
The Skin I Live In;Almodóvar;592
Snowpiercer;Ho;592
Cruella;Gillespie;592
Flow;Zilbalodis;592
The Covenant;Ritchie;592
Roma;Cuarón;592
A Man Called Otto;Forster;592
Chungking Express;Kar-Wai;591
Jumanji;Johnston;591
A Time to Kill;Schumacher;591
Billy Elliot;Daldry;591
Battle Royale;Fukasaku;591
Lilo & Stitch;DeBlois;591
The Fall;Singh;591
Hawkeye;Ellwood;591
Passengers;Tyldum;591
Tucker and Dale vs Evil;Craig;591
Revenge;Fink;591
Darkest Hour;Wright;591
Ant-Man and the Wasp;Reed;591
Breakfast at Tiffany's;Edwards;590
Mississippi Burning;Parker;590
Miller's Crossing;Coen;590
Pretty Woman;Marshall;590
A Bug's Life;Lasseter;590
A.I. Artificial Intelligence;Spielberg;590
Insomnia;Nolan;590
Lincoln;Spielberg;590
The Assassination of Jesse James by the Coward Robert Ford;Dominik;590
The Cabin in the Woods;Goddard;590
Amour;Haneke;590
Blue Is the Warmest Colour;Kechiche;590
Marty Supreme;Safdie;590
The OA;Batmanglij;590
Dead to Me;Asher;590
Serpico;Lumet;589
Legends of the Fall;Zwick;589
Lost Highway;Lynch;589
Hercules;Clements;589
The Ring;Verbinski;589
Anchorman: The Legend of Ron Burgundy;McKay;589
Once;Carney;589
Finding Dory;Stanton;589
Sing Street;Carney;589
Kubo and the Two Strings;Knight;589
Young Sheldon;Reid;589
Nosferatu;Murnau;588
Beverly Hills Cop;Brest;588
The Mask;Russell;588
Enemy of the State;Scott;588
Grindhouse;Rodriguez;588
Southpaw;Fuqua;588
It: Welcome to Derry;Muschietti;588
Me and Earl and the Dying Girl;Gomez-Rejon;588
The Killing;Kubrick;587
Solaris;Tarkovsky;587
Carrie;Palma;587
Grease;Kleiser;587
Gremlins;Dante;587
The Karate Kid;Avildsen;587
Empire of the Sun;Spielberg;587
American Pie;Weitz;587
Y tu mamá también;Cuarón;587
Garden State;Braff;587
The Passion of the Christ;Gibson;587
The Bucket List;Reiner;587
The Lincoln Lawyer;Furman;587
Pacific Rim;Toro;587
Perfect Days;Wenders;587
A Quiet Place Part;Krasinski;587
Tarzan;Buck;586
I Am Sam;Nelson;586
Real Steel;Levy;586
Barbie;Gerwig;586
The Conversation;Coppola;585
Three Colors: Blue;Kieslowski;585
Sense and Sensibility;Lee;585
The Patriot;Emmerich;585
Red Dragon;Ratner;585
The Mist;Darabont;585
Luca;Casarosa;585
The Best Offer;Tornatore;585
Elvis;Luhrmann;585
Doctor Strange in the Multiverse of Madness;Raimi;585
Star Trek II: The Wrath of Khan;Meyer;584
Big;Marshall;584
My Cousin Vinny;Lynn;584
My Name Is Earl;Buckland;584
This Is England;Meadows;584
Milk;Sant;584
The Descendants;Payne;584
Cloverfield;Reeves;584
Easy A;Gluck;584
The Judge;Dobkin;584
22 Jump Street;Lord;584
Gifted;Webb;584
Trading Places;Landis;583
The Sandlot;Evans;583
The Adventures of Tintin;Spielberg;583
REC;Balagueró;583
Thor: The Dark World;Taylor;583
Palm Springs;Barbakow;583
The Texas Chain Saw Massacre;Hooper;582
The Evil Dead;Raimi;582
The English Patient;Minghella;582
Meet Joe Black;Brest;582
Desperate Housewives;Grossman;582
3 Body Problem;Podeswa;582
Hamnet;Zhao;582
The Wind Rises;Miyazaki;582
Chef;Favreau;582
Encanto;Bush;582
The French Connection;Friedkin;581
Superman;Donner;581
Batman Returns;Burton;581
Army of Darkness;Raimi;581
There's Something About Mary;Farrelly;581
October Sky;Johnston;581
Gen;Boyum;581
Nebraska;Payne;581
Pitch Perfect;Moore;581
Jumanji: Welcome to the Jungle;Kasdan;581
Bonnie and Clyde;Penn;580
The Name of the Rose;Annaud;580
Cape Fear;Scorsese;580
GoldenEye;Campbell;580
All About My Mother;Almodóvar;580
Elf;Favreau;580
Shazam!;Sandberg;580
Sunshine;Boyle;580
Deja Vu;Scott;580
The Worst Person in the World;Trier;580
Guillermo del Toro's Pinocchio;Toro;580
Saving Mr. Banks;Hancock;580
Doctor Sleep;Flanagan;580
King Richard;Green;580
Pinocchio;Ferguson;579
Dogma;Smith;579
K-PAX;Softley;579
The Italian Job;Gray;579
Constantine;Lawrence;579
A Prophet;Audiard;579
Wake Up Dead Man;Johnson;579
Horrible Bosses;Gordon;579
Molly's Game;Sorkin;579
The Florida Project;Baker;579
The Two Popes;Meirelles;579
Blade;Norrington;578
High Fidelity;Frears;578
Girl, Interrupted;Mangold;578
Madagascar;Darnell;578
Wedding Crashers;Dobkin;578
Revolutionary Road;Mendes;578
Wicked;Chu;578
The Lobster;Lanthimos;578
Don't Breathe;Alvarez;578
A Fish Called Wanda;Crichton;577
Rush Hour;Ratner;577
A Walk to Remember;Shankman;577
The Descent;Marshall;577
Jack Reacher;McQuarrie;577
RocknRolla;Ritchie;577
Air;Affleck;577
Dungeons & Dragons: Honor Among Thieves;Daley;577
The Mitchells vs. the Machines;Rianda;577
The Searchers;Ford;576
Escape from Alcatraz;Siegel;576
The Last Emperor;Bertolucci;576
Galaxy Quest;Parisot;576
Coach Carter;Carter;576
Forgetting Sarah Marshall;Stoller;576
The Road;Hillcoat;576
The Maze Runner;Ball;576
Point Break;Bigelow;575
Home Alone 2: Lost in New York;Columbus;575
Mrs. Doubtfire;Columbus;575
Natural Born Killers;Stone;575
Star Trek: First Contact;Frakes;575
Meet the Parents;Roach;575
The Chronicles of Narnia: The Lion, the Witch and the Wardrobe;Adamson;575
Blue Valentine;Cianfrance;575
Aquaman;Wan;575
Super;Abrams;575
Sound of Freedom;Monteverde;575
Barton Fink;Coen;574
Porco Rosso;Miyazaki;574
Wallace & Gromit: The Curse of the Were-Rabbit;Box;574
Burn After Reading;Coen;574
Lawless;Hillcoat;574
Bugonia;Lanthimos;574
Dredd;Travis;574
Blue Jasmine;Allen;574
The Intern;Meyers;574
Brooklyn;Crowley;574
Lupin;Bernard;574
Captain Marvel;Boden;574
Onward;Scanlon;574
Russian Doll;Lyonne;574
Nomadland;Zhao;574
The Rocky Horror Picture Show;Sharman;573
Chicago;Marshall;573
The Holiday;Meyers;573
Yellowjackets;Semanoff;573
First Man;Chazelle;573
The Next Three Days;Haggis;573
The Lord of the Rings: The Rings of Power;Brändström;573
Phone Booth;Schumacher;572
Smallville;Marshall;572
Paprika;Kon;572
We Need to Talk About Kevin;Ramsay;572
Detachment;Kaye;572
Fantasia;Algar;571
The Magnificent Seven;Sturges;571
Deliverance;Boorman;571
Malcolm;Lee;571
Two and a Half Men;Widdoes;571
Maleficent;Stromberg;571
Aftersun;Wells;571
Begin Again;Carney;571
War Dogs;Phillips;571
Rocketman;Fletcher;571
How to Train Your Dragon: The Hidden World;DeBlois;571
Still Alice;Glatzer;571
The Witch;Eggers;571
The Big Sick;Showalter;571
West Side Story;Robbins;570
Robin Hood;Reitherman;570
Glengarry Glen Ross;Foley;570
The Motorcycle Diaries;Salles;570
The Last Duel;Scott;570
My Fair Lady;Cukor;569
The Omen;Donner;569
The Hours;Daldry;569
Green Street Hooligans;Alexander;569
Foundation;Dawson;569
The Book Thief;Percival;569
Doubt;Shanley;569
The Invisible Man;Whannell;569
Alien: Romulus;Alvarez;569
Seven Psychopaths;McDonagh;569
Inside Llewyn Davis;Coen;569
Spectre;Mendes;569
Solo: A Star Wars Story;Howard;569
Dirty Dancing;Ardolino;568
Leaving Las Vegas;Figgis;568
Pleasantville;Ross;568
Punch-Drunk Love;Anderson;568
The Orphanage;Bayona;568
Fracture;Hoblit;568
Vicky Cristina Barcelona;Allen;568
The Darjeeling Limited;Anderson;568
RED;Schwentke;568
Mud;Nichols;568
The Great Beauty;Sorrentino;568
X-Men: Apocalypse;Singer;568
The Falcon and the Winter Soldier;Skogland;568
One Hundred and One Dalmatians;Geronimi;567
The Color Purple;Spielberg;567
Knocked Up;Apatow;567
Valkyrie;Singer;567
Death Proof;Tarantino;567
The Wave;Gansel;567
Thunderbolts*;Schreier;567
American Made;Liman;567
Dark Waters;Haynes;567
Enter the Dragon;Clouse;566
Poltergeist;Hooper;566
Field of Dreams;Robinson;566
Pi;Aronofsky;566
The Matrix Revolutions;Wachowski;566
Bruce Almighty;Shadyac;566
Charlie and the Chocolate Factory;Burton;566
Prey;Trachtenberg;566
The Age of Adaline;Krieger;566
The Way Way Back;Faxon;566
The Lego Batman Movie;McKay;566
The Peanut Butter Falcon;Nilson;566
The Platform;Gaztelu-Urrutia;566
Ocean's Thirteen;Soderbergh;565
The Night Agent;Arkin;565
The Secret World of Arrietty;Yonebayashi;565
American Fiction;Jefferson;565
Phantom Thread;Anderson;565
Cinderela;Geronimi;564
Cinderella;Geronimi;564
An American Werewolf in London;Landis;564
Sex and the City;King;564
The Fast and the Furious;Cohen;564
Fahrenheit 9/11;Moore;564
The Life Aquatic with Steve Zissou;Anderson;564
National Treasure;Turteltaub;564
United;Greengrass;564
Hotel Transylvania;Tartakovsky;564
Frost/Nixon;Howard;564
The Fabelmans;Spielberg;564
Pretty Little Liars;Buckley;564
Raya and the Last Dragon;Hall;564
The Outsider;Bernstein;564
Happy Gilmore;Dugan;563
Cube;Natali;563
Hellboy;Toro;563
The Life of David Gale;Parker;563
The Fountain;Aronofsky;563
Pineapple Express;Green;563
Shame;McQueen;563
Love, Simon;Berlanti;563
Triangle of Sadness;Östlund;563
Ghost;Zucker;562
Liar Liar;Shadyac;562
Volver;Almodóvar;562
13 Hours;Bay;562
Monty Python's the Meaning of Life;Jones;561
Chocolat;Hallström;561
Underworld;Wiseman;561
Closer;Nichols;561
Hellboy II: The Golden Army;Toro;561
The Croods;DeMicco;561
The Northman;Eggers;561
The Wolverine;Mangold;561
See;Engström;561
The King;Michôd;561
tick, tick... BOOM!;Miranda;561
Wall Street;Stone;560
Ace Ventura: Pet Detective;Shadyac;560
Ronin;Frankenheimer;560
Layer Cake;Vaughn;560
Flipped;Reiner;560
Invictus;Eastwood;560
Rise of the Guardians;Ramsey;560
Everest;Kormákur;560
The Super Mario Bros. Movie;Horvath;560
Basic Instinct;Verhoeven;559
Shakespeare in Love;Madden;559
The Hurricane;Jewison;559
Monster;Jenkins;559
Memoirs of a Geisha;Marshall;559
Rocky Balboa;Stallone;559
Shadow and Bone;Almas;559
Philomena;Frears;559
The Disaster Artist;Franco;559
Snowden;Stone;559
The Founder;Hancock;559
The Zone of Interest;Glazer;559
The NeverEnding Story;Petersen;558
Coming to America;Landis;558
Con Air;West;558
Man on the Moon;Forman;558
Rounders;Dahl;558
Signs;Shyamalan;558
50 First Dates;Segal;558
American Dad!;Hughart;558
Step Brothers;McKay;558
The Haunting of Bly Manor;Foy;558
Wrath of Man;Ritchie;558
The Ides of March;Clooney;558
Venom;Fleischer;558
Pirates of the Caribbean: On Stranger Tides;Marshall;558
The Adjustment Bureau;Nolfi;558
Alice in Wonderland;Geronimi;557
Rebel Without a Cause;Ray;557
The Negotiator;Gray;557
The Bank Job;Donaldson;557
The Man Who Wasn't There;Coen;557
The O.C.;Toynton;557
Little Children;Field;557
Lars and the Real Girl;Gillespie;557
Yes Man;Reed;557
Orphan;Collet-Serra;557
Public Enemies;Mann;557
A Single Man;Ford;557
Ahsoka;Filoni;557
Chronicle;Trank;557
Unbroken;Jolie;557
Bambi;Algar;556
Dr. No;Young;556
The Warriors;Hill;556
Labyrinth;Henson;556
Good Morning, Vietnam;Levinson;556
Austin Powers: International Man of Mystery;Roach;556
Armageddon;Bay;556
The Da Vinci Code;Howard;556
House of Flying Daggers;Zhang;556
Enchanted;Lima;556
The Proposal;Fletcher;556
In Time;Niccol;556
Avatar: Fire and Ash;Cameron;556
The Iron Claw;Durkin;556
Spy;Feig;556
Hustle;Zagar;556
Mission: Impossible - The Final Reckoning;McQuarrie;556
Lady and the Tramp;Geronimi;555
Raising Arizona;Coen;555
Spaceballs;Brooks;555
Chicken Run;Lord;555
Irreversible;Noé;555
X-Men: The Last Stand;Ratner;555
Bridge to Terabithia;Csupo;555
Civil War;Garland;555
Star Trek Beyond;Lin;555
Annihilation;Garland;555
Us;Peele;555
Pushpa: The Rise;Sukumar;555
Lolita;Kubrick;554
From Russia with Love;Young;554
National Lampoon's Animal House;Landis;554
Crimson Tide;Scott;554
Pitch Black;Twohy;554
The Princess and the Frog;Clements;554
The Incredible Hulk;Leterrier;554
What If...?;Andrews;554
Tron: Legacy;Kosinski;554
Saltburn;Fennell;554
Steve Jobs;Boyle;554
Blood Simple;Coen;553
The Virgin Suicides;Coppola;553
Team America: World Police;Parker;553
The Constant Gardener;Meirelles;553
Michael Clayton;Gilroy;553
Paddington;King;553
The World's End;Wright;553
KPop Demon Hunters;Appelhans;553
Barbarian;Cregger;553
Zootopia;Bush;553
Good Time;Safdie;553
The Ballad of Buster Scruggs;Coen;553
Obi-Wan Kenobi;Chow;553
A League of Their Own;Marshall;552
Vanilla Sky;Crowe;552
Old School;Phillips;552
Napoleon Dynamite;Hess;552
Talk to Me;Philippou;552
Headhunters;Tyldum;552
The Hunger Games: Mockingjay;Lawrence;552
Carol;Haynes;552
The Lost Boys;Schumacher;551
Jacob's Ladder;Lyne;551
28 Weeks Later;Fresnadillo;551
Beautiful Boy;Groeningen;551
Insidious;Wan;551
The Edge of Seventeen;Craig;551
Sing;Jennings;551
Dead Man;Jarmusch;550
Dead Man Walking;Robbins;550
Desperado;Rodriguez;550
Boys Don't Cry;Peirce;550
Capote;Miller;550
42;Helgeland;550
Body of Lies;Scott;550
The Book of Eli;Hughes;550
Minari;Chung;550
Ginny & Georgia;Lewis;550
The Ghost Writer;Polanski;550
The Book of Boba Fett;Rodriguez;550
Melancholia;Trier;550
Batman v Superman: Dawn of Justice;Snyder;550
Vice;McKay;550
Sleeping Beauty;Clark;549
Malena;Tornatore;549
Wanted;Bekmambetov;549
The Danish Girl;Hooper;549
Outer Banks;Pate;549
Babylon;Chazelle;549
War Horse;Spielberg;549
Divergent;Burger;549
Coherence;Byrkit;549
Richard Jewell;Eastwood;549
The Post;Spielberg;549
The Wicker Man;Hardy;548
Tootsie;Pollack;548
Frequency;Hoblit;548
About a Boy;Weitz;548
Matchstick Men;Scott;548
Synecdoche, New York;Kaufman;548
War of the Worlds;Spielberg;548
Cloudy with a Chance of Meatballs;Lord;548
Ice Age: Dawn of the Dinosaurs;Saldanha;548
The Master;Anderson;548
Non-Stop;Collet-Serra;548
Train Dreams;Bentley;548
Ghostbusters: Afterlife;Reitman;548
Big Trouble in Little China;Carpenter;547
Midnight Run;Brest;547
Ghost Dog: The Way of the Samurai;Jarmusch;547
The Transporter;Leterrier;547
The Island;Bay;547
Paul;Mottola;547
Deepwater Horizon;Berg;547
I Origins;Cahill;547
The Walk;Zemeckis;547
Okja;Ho;547
Peter Pan;Geronimi;546
They Live;Carpenter;546
Tremors;Underwood;546
The Piano;Campion;546
Clueless;Heckerling;546
Cold Mountain;Minghella;546
Crank;Neveldine;546
Mr. Brooks;Evans;546
Titans;Banker;546
Planet Terror;Rodriguez;546
Elysium;Blomkamp;546
Game Night;Daley;546
Kingsman: The Golden Circle;Vaughn;546
The Wheel of Time;Donnelly;546
Chilling Adventures of Sabrina;Seidenglanz;546
Star Trek: Picard;Frakes;546
The Lost World: Jurassic Park;Spielberg;545
The Prince of Egypt;Chapman;545
Mr. & Mrs. Smith;Liman;545
Tinker Tailor Soldier Spy;Alfredson;545
Rio;Saldanha;545
Bridesmaids;Feig;545
Contagion;Soderbergh;545
Sicario: Day of the Soldado;Sollima;545
The Undoing;Bier;545
Three Kings;Russell;544
We Were Soldiers;Wallace;544
Jarhead;Mendes;544
August Rush;Sheridan;544
P.S. I Love You;LaGravenese;544
I Love You, Man;Hamburg;544
The Hangover Part;Phillips;544
Heretic;Beck;544
Black Widow;Shortland;544
Designated Survivor;Grismer;544
Instant Family;Anders;544
Where the Crawdads Sing;Newman;544
Judas and the Black Messiah;King;544
Stargate;Emmerich;543
Bad Boys;Bay;543
The Basketball Diaries;Kalvert;543
Ghost World;Zwigoff;543
A Knight's Tale;Helgeland;543
Panic Room;Fincher;543
Ice Age: The Meltdown;Saldanha;543
1408;Håfström;543
X-Men Origins: Wolverine;Hood;543
Nope;Peele;543
Sinister;Derrickson;543
The Hitman's Bodyguard;Hughes;543
The Black Phone;Derrickson;543
Four Weddings and a Funeral;Newell;542
Hannibal;Scott;542
Harold & Kumar Go to White Castle;Leiner;542
Definitely, Maybe;Brooks;542
This Is the End;Goldberg;542
Kong: Skull Island;Vogt-Roberts;542
The Killing of a Sacred Deer;Lanthimos;542
The Boy and the Heron;Miyazaki;542
Dumbo;Armstrong;541
National Lampoon's Vacation;Ramis;541
Braindead;Jackson;541
The Cider House Rules;Hallström;541
Elizabeth;Kapur;541
Following;Nolan;541
Death at a Funeral;Oz;541
Tár;Field;541
Allied;Zemeckis;541
Bad Times at the El Royale;Goddard;541
Chasing Amy;Smith;540
Treasure Planet;Clements;540
Spy Game;Scott;540
The Way Back;Weir;540
Tetris;Baird;540
Predator: Badlands;Trachtenberg;540
It Follows;Mitchell;540
Luke Cage;Goddard;540
The Death of Stalin;Iannucci;540
Escape from New York;Carpenter;539
The Land Before Time;Bluth;539
Driving Miss Daisy;Beresford;539
Anastasia;Bluth;539
Brothers;Sheridan;539
Side Effects;Soderbergh;539
Ralph Breaks the Internet;Johnston;539
Ready or Not;Bettinelli-Olpin;539
American Graffiti;Lucas;538
Eraserhead;Lynch;538
Clue;Lynn;538
The Addams Family;Sonnenfeld;538
Hook;Spielberg;538
Before the Devil Knows You're Dead;Lumet;538
Good Night, and Good Luck.;Clooney;538
Reign Over Me;Binder;538
Bird Box;Bier;538
Patriots Day;Berg;538
The Devil All the Time;Campos;538
1899;Odar;538
Seven Years in Tibet;Annaud;537
Bridget Jones's Diary;Maguire;537
The Day After Tomorrow;Emmerich;537
The Queen;Frears;537
Precious;Daniels;537
Pirate Radio;Curtis;537
An Education;Scherfig;537
Love, Rosie;Ditter;537
Chappie;Blomkamp;537
Frances Ha;Baumbach;537
Locke;Knight;537
The French Dispatch;Anderson;537
The Brutalist;Corbet;537
Last Night in Soho;Wright;537
Willow;Howard;536
Twin Peaks: Fire Walk with Me;Lynch;536
Matilda;DeVito;536
The Time Traveler's Wife;Schwentke;536
State of Play;Macdonald;536
21;Luketic;536
Quantum of Solace;Forster;536
Remember Me;Coulter;536
Suspiria;Argento;535
Friday;Gray;535
The Birdcage;Nichols;535
Final Destination;Wong;535
About Schmidt;Payne;535
The Phantom of the Opera;Schumacher;535
Across the Universe;Taymor;535
The Painted Veil;Curran;535
Disturbia;Caruso;535
Defiance;Zwick;535
Licorice Pizza;Anderson;535
A Complete Unknown;Mangold;535
Unknown;Collet-Serra;535
Margin Call;Chandor;535
Caddyshack;Ramis;534
Silence;Scorsese;534
Angels & Demons;Howard;534
Never Let Me Go;Romanek;534
Take Shelter;Nichols;534
The Babadook;Kent;534
Witness;Weir;533
Robin Hood: Prince of Thieves;Reynolds;533
Winter's Bone;Granik;533
Lucy;Besson;533
Legend;Helgeland;533
The Gift;Edgerton;533
Shot Caller;Waugh;533
Lost in Space;Southam;533
Wayne's World;Spheeris;532
The Hunchback of Notre Dame;Trousdale;532
Men of Honor;Jr.;532
John Q;Cassavetes;532
The Fantastic Four: First Steps;Shakman;532
The Fall Guy;Leitch;532
Nightmare Alley;Toro;532
Mean Streets;Scorsese;531
Pay It Forward;Leder;531
It's Kind of a Funny Story;Boden;531
The Unforgivable;Fingscheidt;531
The Unbearable Weight of Massive Talent;Gormican;531
The Other Guys;McKay;531
One Day;Scherfig;531
Warm Bodies;Levine;531
Challengers;Guadagnino;531
Halo;Bathurst;531
Black Panther: Wakanda Forever;Coogler;531
Running Scared;Kramer;530
Role Models;Wain;530
Marley & Me;Frankel;530
Eddie the Eagle;Fletcher;530
Buried;Cortés;530
Locke & Key;Tonderai;530
The Defenders;Clarkson;530
Logan Lucky;Soderbergh;530
Easy Rider;Hopper;529
Born on the Fourth of July;Stone;529
The People vs. Larry Flynt;Forman;529
Ocean's Twelve;Soderbergh;529
Bolt;Howard;529
Hard Candy;Slade;529
Hancock;Berg;529
Extraction;Hargrave;529
The Butler;Daniels;529
Wild;Vallée;529
Fences;Washington;529
Crazy Rich Asians;Chu;529
Mad Max;Miller;528
In the Line of Fire;Petersen;528
Grosse Pointe Blank;Armitage;528
Warcraft;Jones;528
Belfast;Branagh;528
The Drop;Roskam;528
Black Mirror: Bandersnatch;Slade;528
Say Anything;Crowe;527
The Full Monty;Cattaneo;527
Bad Santa;Zwigoff;527
The Dreamers;Bertolucci;527
Dodgeball: A True Underdog Story;Thurber;527
Hitch;Tennant;527
The Host;Ho;527
My Sister's Keeper;Cassavetes;527
The Spectacular Now;Ponsoldt;527
Enemy;Villeneuve;527
T2 Trainspotting;Boyle;527
The Mule;Eastwood;527
Frida;Taymor;526
Submarine;Ayoade;526
Booksmart;Wilde;526
The Guard;McDonagh;526
Elemental;Sohn;526
Friends with Benefits;Gluck;526
Bone Tomahawk;Zahler;526
A Series of Unfortunate Events;Silberling;525
Super Size Me;Spurlock;525
The A-Team;Carnahan;525
Rescue Dawn;Herzog;525
Night at the Museum;Levy;525
Carnage;Polanski;525
Only Lovers Left Alive;Jarmusch;525
Wonka;King;525
Highlander;Mulcahy;524
Flags of Our Fathers;Eastwood;524
The Power of the Dog;Campion;524
The Bourne Legacy;Gilroy;524
We Bought a Zoo;Crowe;524
The Grey;Carnahan;524
Pearl;West;524
Gran Turismo;Blomkamp;524
Videodrome;Cronenberg;523
Wild at Heart;Lynch;523
The SpongeBob SquarePants Movie;Hillenburg;523
Terminator Salvation;McG;523
9;Acker;523
Madagascar: Escape 2 Africa;Darnell;523
A Serious Man;Coen;523
Escape Plan;Håfström;523
Let Me In;Reeves;523
St. Vincent;Melfi;523
The Fox and the Hound;Berman;522
Payback;Helgeland;522
Election;Payne;522
Cruel Intentions;Kumble;522
Austin Powers: The Spy Who Shagged Me;Roach;522
The Girl Next Door;Greenfield;522
Unstoppable;Scott;522
Foxcatcher;Miller;522
Den of Thieves;Gudegast;522
Pirates of the Caribbean: Dead Men Tell No Tales;Rønning;522
Green Room;Saulnier;522
Jumanji: The Next Level;Kasdan;522
Romeo + Juliet;Luhrmann;521
Resident Evil;Anderson;521
Madagascar 3: Europe's Most Wanted;Darnell;521
Project;Nourizadeh;521
Ruby Sparks;Dayton;521
The Adam Project;Levy;521
Heathers;Lehmann;520
The Doors;Stone;520
Bronson;Refn;520
Due Date;Phillips;520
The Vow;Sucsy;520
Companion;Hancock;520
The Interview;Goldberg;520
Hostiles;Cooper;520
The Aristocats;Reitherman;519
Conan the Barbarian;Milius;519
Fast Times at Ridgemont High;Heckerling;519
Sleepless in Seattle;Ephron;519
The Mask of Zorro;Campbell;519
The Wedding Singer;Coraci;519
The Jacket;Maybury;519
Love & Other Drugs;Zwick;519
Late Night with the Devil;Cairnes;519
Safe House;Espinosa;519
The Dictator;Charles;519
Bring Her Back;Philippou;519
Glass;Shyamalan;519
Turning Red;Shi;519
WarGames;Badham;518
Angel Heart;Parker;518
Uncle Buck;Hughes;518
Hocus Pocus;Ortega;518
You've Got Mail;Ephron;518
Runaway Jury;Fleder;518
The Village;Shyamalan;518
John Carter;Stanton;518
Mickey;Ho;518
Dogtooth;Lanthimos;518
The Best Exotic Marigold Hotel;Madden;518
King Arthur: Legend of the Sword;Ritchie;518
A Real Pain;Eisenberg;518
Focus;Ficarra;518
Gosford Park;Altman;517
Black Mass;Cooper;517
It: Chapter Two;Muschietti;517
Frailty;Paxton;516
2 Guns;Kormákur;516
To All the Boys I've Loved Before;Johnson;516
The Kingdom;Berg;515
The Kids Are All Right;Cholodenko;515
Salt;Noyce;515
Julie & Julia;Ephron;515
American Reunion;Hurwitz;515
The Sword in the Stone;Reitherman;514
Sixteen Candles;Hughes;514
The Firm;Pollack;514
Mallrats;Smith;514
Brick;Johnson;514
The Tree of Life;Malick;514
Fast & Furious;Lin;514
Demolition;Vallée;514
Gangster Squad;Fleischer;514
In the Heart of the Sea;Howard;514
Love and Monsters;Matthews;514
The Fate of the Furious;Gray;514
Life;Espinosa;514
The Beach;Boyle;513
The Polar Express;Zemeckis;513
The Killer;Fincher;513
The Foreigner;Campbell;513
Fantastic Beasts: The Crimes of Grindelwald;Yates;513
Greyhound;Schneider;513
Hellraiser;Barker;512
Me, Myself & Irene;Farrelly;512
How to Lose a Guy in 10 Days;Petrie;512
Broken Flowers;Jarmusch;512
Charlie Wilson's War;Nichols;512
Ender's Game;Hood;512
Atomic Blonde;Leitch;512
Warfare;Garland;512
Murder on the Orient Express;Branagh;512
Mother!;Aronofsky;512
Yesterday;Boyle;512
Pocahontas;Gabriel;511
The Blair Witch Project;Myrick;511
Zoolander;Stiller;511
The Hitchhiker's Guide to the Galaxy;Jennings;511
Click;Coraci;511
Underworld: Evolution;Wiseman;511
Prince of Persia: The Sands of Time;Newell;511
The Spy Who Loved Me;Gilbert;510
Bill & Ted's Excellent Adventure;Herek;510
Maverick;Donner;510
Gone in 60 Seconds;Sena;510
Hanna;Wright;510
Triangle;Smith;510
The Expendables;Stallone;510
Juror #2;Eastwood;510
Jason Bourne;Greengrass;510
Cool Runnings;Turteltaub;509
Demolition Man;Brambilla;509
Tommy Boy;Segal;509
Twister;Bont;509
The Ninth Gate;Polanski;509
Atlantis: The Lost Empire;Trousdale;509
The Chronicles of Riddick;Twohy;509
Elephant;Sant;509
Mamma Mia!;Lloyd;509
Adventureland;Mottola;509
Alien: Earth;Gonzales;509
Miss Peregrine's Home for Peculiar Children;Burton;509
Olympus Has Fallen;Fuqua;509
Concussion;Landesman;509
Bumblebee;Knight;509
Star Trek: Discovery;Osunsanmi;509
The Old Guard;Prince-Bythewood;509
The Tomorrow War;McKay;509
The Mummy Returns;Sommers;508
A Scanner Darkly;Linklater;508
The Flash;Muschietti;508
Filth;Baird;508
The Last Boy Scout;Scott;507
The Naked Gun 2½: The Smell of Fear;Zucker;507
Babe;Noonan;507
The Frighteners;Jackson;507
What Dreams May Come;Ward;507
Terminator 3: Rise of the Machines;Mostow;507
Over the Hedge;Johnson;507
EuroTrip;Schaffer;507
Four Brothers;Singleton;507
Martyrs;Laugier;507
Kingdom of the Planet of the Apes;Ball;507
The Muppets;Bobin;507
The Girl Who Played with Fire;Alfredson;507
Swiss Army Man;Kwan;507
Elite;Orden;507
Alien³;Fincher;506
The Bone Collector;Noyce;506
Super Troopers;Chandrasekhar;506
Jay and Silent Bob Strike Back;Smith;506
The Lake House;Agresti;506
The Creator;Edwards;506
ParaNorman;Butler;506
Nymphomaniac;Trier;506
The Autopsy of Jane Doe;Øvredal;506
Thunderball;Young;505
Cop Land;Mangold;505
Legally Blonde;Luketic;505
Brother Bear;Blaise;505
Alien: Covenant;Scott;505
The X Files;Bowman;504
Indiana Jones and the Kingdom of the Crystal Skull;Spielberg;504
Drag Me to Hell;Raimi;504
Glee;Buecker;504
Safety Not Guaranteed;Trevorrow;504
Ad Astra;Gray;504
A Simple Favor;Feig;504
Commando;Lester;503
Any Given Sunday;Stone;503
How the Grinch Stole Christmas;Howard;503
Bicentennial Man;Columbus;503
Unleashed;Leterrier;503
Horton Hears a Who!;Hayward;503
Zombieland: Double Tap;Fleischer;503
The Gray Man;Russo;503
The Ministry of Ungentlemanly Warfare;Ritchie;503
The Outsiders;Coppola;502
Patch Adams;Shadyac;502
The Family Man;Ratner;502
Holes;Davis;502
National Treasure: Book of Secrets;Turteltaub;502
Fear the Walking Dead;Satrazemis;502
Scrooged;Donner;501
IT;Wallace;501
Silent Hill;Gans;501
Red Sparrow;Lawrence;501
Ballerina;Wiseman;501
Event Horizon;Anderson;500
Out of Sight;Soderbergh;500
Talladega Nights: The Ballad of Ricky Bobby;McKay;500
28 Years Later;Boyle;500
Frankenweenie;Burton;500
Addams Family Values;Sonnenfeld;499
Puss in Boots;Miller;499
Green Zone;Greengrass;499
Machete;Maniquis;499
Water for Elephants;Lawrence;499
Don Jon;Gordon-Levitt;499
Manifest;Tirone;499
Fallen;Hoblit;498
From Hell;Hughes;498
The Parent Trap;Meyers;498
Big Daddy;Dugan;498
Pearl Harbor;Bay;498
The Score;Oz;498
Meet the Fockers;Roach;498
The Gorge;Derrickson;498
Transformers: Dark of the Moon;Bay;498
Sisu;Helander;498
What Happened to Monday;Wirkola;498
Trance;Boyle;498
The Color of Money;Scorsese;497
Analyze This;Ramis;497
The Road to El Dorado;Bergeron;497
Eagle Eye;Caruso;497
A Christmas Carol;Zemeckis;497
Ice Age: Continental Drift;Martino;497
Emily em Paris;Fleming;497
Emily in Paris;Fleming;497
What Women Want;Meyers;496
One Hour Photo;Romanek;496
Something's Gotta Give;Meyers;496
Syriana;Gaghan;496
30 Days of Night;Slade;496
The Chronicles of Narnia: Prince Caspian;Adamson;496
Unthinkable;Jordan;496
Pandorum;Alvart;496
Smile;Finn;496
Just Go with It;Dugan;496
Red Notice;Thurber;496
Clear and Present Danger;Noyce;495
Get Smart;Segal;495
Get the Gringo;Grunberg;495
Minions;Balda;495
The Secret Life of Pets;Renaud;495
Bombshell;Roach;495
Eternals;Zhao;495
Final Destination: Bloodlines;Lipovsky;495
The Running Man;Glaser;494
The Lovely Bones;Jackson;494
Indiana Jones and the Dial of Destiny;Mangold;494
The Highwaymen;Hancock;494
Neighbors;Stoller;494
Speak No Evil;Watkins;494
Romancing the Stone;Zemeckis;493
Fatal Attraction;Lyne;493
Space Jam;Pytka;493
Serendipity;Chelsom;493
Alpha Dog;Cassavetes;493
Jungle Cruise;Collet-Serra;493
The Imaginarium of Doctor Parnassus;Gilliam;493
Jawan;Atlee;493
RED 2;Parisot;493
The Heat;Feig;493
Finch;Sapochnik;493
Air Force One;Petersen;492
The Thomas Crown Affair;McTiernan;492
Secretary;Shainberg;492
Monster House;Kenan;492
X;West;492
Hit Man;Linklater;492
Longlegs;Perkins;492
Happy Death Day;Landon;492
You Only Live Twice;Gilbert;491
Patriot Games;Noyce;491
While You Were Sleeping;Turteltaub;491
Scary Movie;Wayans;491
Secret Window;Koepp;491
A Good Year;Scott;491
Street Kings;Ayer;491
Extremely Loud & Incredibly Close;Daldry;491
The Hunger Games: The Ballad of Songbirds & Snakes;Lawrence;491
Long Shot;Levine;491
The Rip;Carnahan;491
Police Academy;Wilson;490
Death Becomes Her;Zemeckis;490
Tomorrow Never Dies;Spottiswoode;490
Idiocracy;Judge;490
The Exorcism of Emily Rose;Derrickson;490
Suicide Squad;Ayer;490
Predators;Antal;490
Tron;Lisberger;489
Robin Hood: Men in Tights;Brooks;489
Mars Attacks!;Burton;489
Pig;Sarnoski;489
House of Gucci;Scott;489
Big Eyes;Burton;489
Another Earth;Cahill;489
The Housemaid;Feig;489
The Girl on the Train;Taylor;489
Fast & Furious Presents: Hobbs & Shaw;Leitch;489
Ransom;Howard;488
Meet the Robinsons;Anderson;488
The Guardian;Davis;488
Hairspray;Shankman;488
Thor: Love and Thunder;Waititi;488
The Lone Ranger;Verbinski;488
Terminator Genisys;Taylor;488
Beetlejuice Beetlejuice;Burton;488
Maze Runner: The Scorch Trials;Ball;488
Ace Ventura: When Nature Calls;Oedekerk;487
Miss Congeniality;Petrie;487
Swordfish;Sena;487
Tenacious D in the Pick of Destiny;Lynch;487
Enola Holmes;Bradbeer;487
Uncharted;Fleischer;487
Hush;Flanagan;487
The Ugly Truth;Luketic;486
Leave the World Behind;Esmail;486
The Good Dinosaur;Sohn;486
Pain & Gain;Bay;486
Rambo: First Blood Part;Cosmatos;485
The Whole Nine Yards;Lynn;485
Borat Subsequent Moviefilm;Woliner;485
Bad Boys for Life;Arbi;485
Pokémon: Detective Pikachu;Letterman;485
Teenage Mutant Ninja Turtles;Barron;484
City of Angels;Silberling;484
eXistenZ;Cronenberg;484
17 Again;Steers;484
Exam;Hazeldine;484
Twisters;Chung;484
Man on a Ledge;Leth;484
The Call;Anderson;484
Carry-On;Collet-Serra;484
You Were Never Really Here;Ramsay;484
Child's Play;Holland;483
The Man in the Iron Mask;Wallace;483
The Perfect Storm;Petersen;483
Road Trip;Phillips;483
Vantage Point;Travis;483
Death Race;Anderson;483
Shoot 'Em Up;Davis;483
Smokin' Aces;Carnahan;483
Dan in Real Life;Hedges;483
Out of the Furnace;Cooper;483
If I Stay;Cutler;483
Zack and Miri Make a Porno;Smith;482
Paranormal Activity;Peli;482
Reptile;Singer;482
Widows;McQueen;482
Collateral Beauty;Frankel;482
Risky Business;Brickman;481
8MM;Schumacher;481
The World Is Not Enough;Apted;481
My Big Fat Greek Wedding;Zwick;481
Thirteen;Hardwicke;481
The Other Boleyn Girl;Chadwick;481
The Mechanic;West;481
The Number;Schumacher;481
Justice League;Snyder;481
300: Rise of an Empire;Murro;481
Joy;Russell;481
Godzilla vs. Kong;Wingard;481
Live and Let Die;Hamilton;480
Crocodile Dundee;Faiman;480
Hot Shots!;Abrahams;480
White Men Can't Jump;Shelton;480
Flushed Away;Bowers;480
Just Like Heaven;Waters;480
Sin City: A Dame to Kill For;Miller;480
Mank;Fincher;480
The Taking of Pelham;Scott;480
Oculus;Flanagan;480
The House That Jack Built;Trier;480
Bloodsport;Arnold;479
The Santa Clause;Pasquin;479
The Faculty;Rodriguez;479
Bend It Like Beckham;Chadha;479
The Recruit;Donaldson;479
The Rundown;Berg;479
Happy Feet;Miller;479
Seeking a Friend for the End of the World;Scafaria;479
Ted 2;MacFarlane;479
Ocean's Eight;Ross;479
The Man with the Golden Gun;Hamilton;478
Christine;Carpenter;478
Licence to Kill;Glen;478
Last Action Hero;McTiernan;478
Outbreak;Petersen;478
What Lies Beneath;Zemeckis;478
Primer;Carruth;478
The Longest Yard;Segal;478
Underworld: Rise of the Lycans;Tatopoulos;478
Rebel Ridge;Saulnier;478
Violent Night;Wirkola;478
Stoker;Chan-wook;478
Safe Haven;Hallström;478
Valerian and the City of a Thousand Planets;Besson;478
Jurassic World: Fallen Kingdom;Bayona;478
News of the World;Greengrass;478
Antz;Darnell;477
Wild Things;McNaughton;477
Shanghai Noon;Dey;477
13 Going on;Winick;477
The Pale Blue Eye;Cooper;477
White House Down;Emmerich;477
Burnt;Wells;477
Crimson Peak;Toro;477
Annabelle: Creation;Sandberg;477
For Your Eyes Only;Glen;476
Four Rooms;Anders;476
The 13th Warrior;McTiernan;476
16 Blocks;Donner;476
Shrek Forever After;Mitchell;476
The Long Walk;Lawrence;476
Transformers: Revenge of the Fallen;Bay;476
Last Vegas;Turteltaub;476
Evil Dead Rise;Cronin;476
The Living Daylights;Glen;475
Alien: Resurrection;Jeunet;475
Conspiracy Theory;Donner;475
Anger Management;Segal;475
Tears of the Sun;Fuqua;475
Shrek the Third;Miller;475
Trick 'r Treat;Dougherty;475
Dark Shadows;Burton;475
Hot Tub Time Machine;Pink;475
Tomb Raider;Uthaug;475
Central Intelligence;Thurber;475
The Woman in Black;Watkins;475
2 Broke Girls;Scardino;475
Tomorrowland;Bird;475
The Guest;Wingard;475
Legends of Tomorrow;Mock;475
Road House;Herrington;474
Austin Powers in Goldmember;Roach;474
The Good Shepherd;Niro;474
Waiting...;McKittrick;474
Where the Wild Things Are;Jonze;474
The Hills Have Eyes;Aja;474
She's the Man;Fickman;474
Australia;Luhrmann;474
He's Just Not That Into You;Kwapis;474
Triple Frontier;Chandor;474
Extremely Wicked, Shockingly Evil and Vile;Berlinger;474
Tag;Tomsic;474
Run;Chaganty;474
Ali;Mann;473
The Devil's Rejects;Zombie;473
Eden Lake;Watkins;473
Blended;Coraci;473
Maleficent: Mistress of Evil;Rønning;473
The Green Knight;Lowery;473
On Her Majesty's Secret Service;Hunt;472
Candyman;Rose;472
American Wedding;Dylan;472
Transporter;Leterrier;472
Jumper;Liman;472
Monsters vs. Aliens;Letterman;472
Riddick;Twohy;472
The Internship;Levy;472
Need for Speed;Waugh;472
The Invitation;Kusama;472
Hardcore Henry;Naishuller;472
Waterworld;Reynolds;471
Unfaithful;Lyne;471
The Fast and the Furious: Tokyo Drift;Lin;471
Knight and Day;Mangold;471
Creed;Jordan;471
Oz the Great and Powerful;Raimi;471
The Divergent Series: Insurgent;Schwentke;471
I Am Mother;Sputore;471
Anna;Besson;471
The Princess Diaries;Marshall;470
The Punisher;Hensleigh;470
Midway;Emmerich;470
Honey, I Shrunk the Kids;Johnston;469
Cliffhanger;Harlin;469
Freaky Friday;Waters;469
The Manchurian Candidate;Demme;469
Surf's Up;Brannon;469
Knowing;Proyas;469
Harold & Kumar Escape from Guantanamo Bay;Hurwitz;469
No Hard Feelings;Stupnitsky;469
Nerve;Joost;469
Friday the 13th;Cunningham;468
U.S. Marshals;Baird;468
Robots;Wedge;468
Antichrist;Trier;468
Life as We Know It;Berlanti;468
No Strings Attached;Reitman;468
Snow White and the Huntsman;Sanders;468
Run All Night;Collet-Serra;468
The Purge: Anarchy;DeMonaco;468
Bright;Ayer;468
Mamma Mia! Here We Go Again;Parker;468
Death on the Nile;Branagh;468
Sister Act;Ardolino;467
Deep Impact;Leder;467
Van Helsing;Sommers;467
The Change-Up;Dobkin;467
Inherent Vice;Anderson;467
You're Next;Wingard;467
A Haunting in Venice;Branagh;467
Homefront;Fleder;467
Gerald's Game;Flanagan;467
Greenland;Waugh;467
Billy Madison;Davis;466
My Best Friend's Wedding;Hogan;466
Superman Returns;Singer;466
Anchorman 2: The Legend Continues;McKay;466
Attack the Block;Cornish;466
J. Edgar;Eastwood;466
Penguins of Madagascar;Darnell;466
Transcendence;Pfister;466
Overlord;Avery;466
Black Adam;Collet-Serra;466
Red Eye;Craven;465
The Crazies;Eisner;465
Epic;Wedge;465
This Means War;McG;465
Riverdale;Correa;465
The Sum of All Fears;Robinson;464
Step Up;Fletcher;464
Never Back Down;Wadlow;464
Anna Karenina;Wright;464
The King's Man;Vaughn;464
The Bodyguard;Jackson;463
A Walk Among the Tombstones;Frank;463
The Skeleton Key;Softley;463
Marie Antoinette;Coppola;463
The Invention of Lying;Gervais;463
Get Him to the Greek;Stoller;463
Maze Runner: The Death Cure;Ball;463
Escape Room;Robitel;463
I Care a Lot;Blakeson;463
Rat Race;Zucker;462
Napoleon;Scott;462
Blink Twice;Kravitz;462
Birds of Prey and the Fantabulous Emancipation of One Harley Quinn;Yan;462
Weird Science;Hughes;461
Naked Gun 33 1/3: The Final Insult;Segal;461
Johnny English;Howitt;461
Jackass: The Movie;Tremaine;461
Flightplan;Schwentke;461
Blades of Glory;Gordon;461
She's Out of My League;Smith;461
Dracula Untold;Shore;461
Surrogates;Mostow;461
2012;Emmerich;461
The Lost City of Z;Gray;461
San Andreas;Peyton;461
Pet Sematary;Lambert;460
Hot Shots! Part Deux;Abrahams;460
The Pelican Brief;Pakula;460
King Arthur;Fuqua;460
Beowulf;Zemeckis;460
Date Night;Levy;460
The Beekeeper;Ayer;460
Safe;Yakin;460
Iron Fist;Surjik;460
M3GAN;Johnstone;460
Diamonds Are Forever;Hamilton;459
Footloose;Ross;459
Once Upon a Time in Mexico;Rodriguez;459
2 Fast 2 Furious;Singleton;459
Accepted;Pink;459
Resident Evil: Extinction;Mulcahy;459
The Chronicles of Narnia: The Voyage of the Dawn Treader;Apted;459
I Love You Phillip Morris;Ficarra;459
Don't Worry Darling;Wilde;459
Edge of Darkness;Campbell;459
It's Complicated;Meyers;459
A Quiet Place: Day One;Sarnoski;459
Premium Rush;Koepp;459
Octopussy;Glen;458
Gremlins 2: The New Batch;Dante;458
Kindergarten Cop;Reitman;458
The Craft;Fleming;458
Kiss the Girls;Fleder;458
Sucker Punch;Snyder;458
12 Strong;Fuglsig;458
Asteroid City;Anderson;458
The Lorax;Renaud;458
Let's Be Cops;Greenfield;458
Home;Johnson;458
Abigail;Bettinelli-Olpin;458
The Visit;Shyamalan;458
Mary Poppins Returns;Marshall;458
The Ritual;Bruckner;458
Terminator: Dark Fate;Miller;458
The Guilty;Fuqua;458
Daybreakers;Spierig;457
Mr. Bean's Holiday;Bendelack;457
Grown Ups;Dugan;457
Under the Skin;Glazer;457
Killer Elite;McKendry;457
I Am Number Four;Caruso;457
Under the Dome;Bender;457
Bean;Smith;456
Hostage;Siri;456
Leap Year;Tucker;456
Sonic the Hedgehog;Fowler;456
Underworld: Awakening;Mårlind;456
Savages;Stone;456
Inferno;Howard;456
The Quick and the Dead;Raimi;455
The Forbidden Kingdom;Minkoff;455
Letters to Juliet;Winick;455
Dear John;Hallström;455
Devil;Dowdle;455
Fall;Mann;455
Mama;Muschietti;455
Fractured;Anderson;455
Bad Boys: Ride or Die;Arbi;455
Die Another Day;Tamahori;454
Music and Lyrics;Lawrence;454
The Legend of Tarzan;Yates;454
Money Monster;Foster;454
Duna;Lynch;453
Dune;Lynch;453
The Jackal;Caton-Jones;453
The Waterboy;Coraci;453
Jeepers Creepers;Salva;453
Cellular;Ellis;453
The Spiderwick Chronicles;Waters;453
The Giver;Noyce;453
Funny Games;Haneke;453
Jack Reacher: Never Go Back;Zwick;453
The Boss Baby;McGrath;453
Fantastic Beasts: The Secrets of Dumbledore;Yates;453
I'm Thinking of Ending Things;Kaufman;453
Eurovision Song Contest: The Story of Fire Saga;Dobkin;453
The Last House on the Left;Iliadis;452
Jack the Giant Slayer;Singer;452
Contraband;Kormákur;452
Self/less;Singh;452
Double Jeopardy;Beresford;451
Hitman;Gens;451
From Paris with Love;Morel;451
Hansel & Gretel: Witch Hunters;Wirkola;451
Sausage Party;Tiernan;451
The Shallows;Collet-Serra;451
Lights Out;Sandberg;451
Minions: The Rise of Gru;Balda;451
Last Christmas;Feig;451
Resident Evil: Apocalypse;Witt;450
Hail, Caesar!;Coen;450
The International;Tykwer;450
Wolfs;Watts;450
The Last Stand;Jee-woon;450
Johnny English Reborn;Parker;450
Turbo;Soren;450
A Cure for Wellness;Verbinski;450
Plane;Richet;450
Under Siege;Davis;449
Ant-Man and the Wasp: Quantumania;Reed;449
The Tourist;Donnersmarck;449
47 Ronin;Rinsch;449
The Babysitter;McG;449
Angel Has Fallen;Waugh;449
Tango & Cash;Konchalovsky;448
Behind Enemy Lines;Moore;448
Van Wilder;Becker;448
Next;Tamahori;448
Renfield;McKay;448
Fright Night;Gillespie;448
Jackass Presents: Bad Grandpa;Tremaine;448
The Little Things;Hancock;447
The Iron Lady;Lloyd;447
The Lucky One;Hicks;447
Faster;Jr.;447
A Million Ways to Die in the West;MacFarlane;447
A House of Dynamite;Bigelow;447
6 Underground;Bay;447
The Cell;Singh;446
The Interpreter;Pollack;446
The Golden Compass;Weitz;446
The Conjuring: The Devil Made Me Do It;Chaves;446
Colombiana;Megaton;445
Rampage;Peyton;445
The Grinch;Cheney;445
Venom: Let There Be Carnage;Serkis;445
Mad Max: Beyond Thunderdome;Miller;444
The Texas Chainsaw Massacre;Nispel;444
Fun with Dick and Jane;Parisot;444
Bee Movie;Hickner;444
Cowboys & Aliens;Favreau;444
What Happens in Vegas;Vaughan;444
A Dangerous Method;Cronenberg;444
The Commuter;Collet-Serra;444
Casper;Letterman;443
Red One;Kasdan;443
This Is;Apatow;443
Killing Them Softly;Dominik;443
As Above, So Below;Dowdle;443
The Cable Guy;Stiller;442
Practical Magic;Dunne;442
Entrapment;Amiel;442
Tower Heist;Ratner;442
27 Dresses;Fletcher;442
Murder Mystery;Newacheck;442
The DUFF;Sandel;442
The Family;Besson;442
DragonHeart;Cohen;441
Reign of Fire;Bowman;441
Zathura: A Space Adventure;Favreau;441
Night at the Museum: Battle of the Smithsonian;Levy;441
Funny People;Apatow;441
Moana;Jr.;441
The Naked Gun;Schaffer;441
Godzilla: King of the Monsters;Dougherty;441
Twins;Reitman;440
Along Came a Spider;Tamahori;440
Night at the Museum: Secret of the Tomb;Levy;440
Star Trek: The Motion Picture;Wise;439
Trainwreck;Apatow;439
The Promise;George;439
Shark Tale;Bergeron;438
The Sorcerer's Apprentice;Turteltaub;438
The Lost City;Nee;438
Trolls;Mitchell;438
Moonraker;Gilbert;437
Paycheck;Woo;437
Jack Ryan: Shadow Recruit;Branagh;437
The Men Who Stare at Goats;Heslov;437
The Angry Birds Movie;Kaytis;437
Anyone But You;Gluck;437
Bad Moms;Lucas;437
Daddy's Home;Anders;436
A View to a Kill;Glen;435
Just Friends;Kumble;435
Repo Men;Sapochnik;435
Crank: High Voltage;Neveldine;435
Parker;Hackford;435
Why Him?;Hamburg;435
Hustlers;Scafaria;435
Fantastic Four;Story;434
Small Soldiers;Dante;434
Sweet Home Alabama;Tennant;434
Two Weeks Notice;Lawrence;434
Starsky & Hutch;Phillips;434
Clash of the Titans;Leterrier;434
Rio 2;Saldanha;434
Alice Through the Looking Glass;Bobin;434
Supergirl;Warn;434
Operation Fortune: Ruse de Guerre;Ritchie;434
S.W.A.T.;Johnson;433
Revolver;Ritchie;433
Ms. Marvel;Arbi;433
Vacation;Daley;433
The Strangers;Bertino;432
The American;Corbijn;432
Polar;Åkerlund;432
Intolerable Cruelty;Coen;431
Exodus: Gods and Kings;Scott;431
Mortal Engines;Rivers;431
Magic Mike;Soderbergh;431
Eraser;Russell;430
Goosebumps;Letterman;430
Immortals;Singh;430
Noah;Aronofsky;430
Sky High;Mitchell;429
It Ends with Us;Baldoni;429
Monsters;Edwards;429
The Monuments Men;Clooney;429
Malignant;Wan;429
Wrong Turn;Schmidt;428
Percy Jackson & the Olympians: The Lightning Thief;Columbus;428
Battleship;Berg;428
The Brothers Grimsby;Leterrier;428
Evolution;Reitman;427
Shanghai Knights;Dobkin;427
Knock at the Cabin;Shyamalan;427
The Campaign;Roach;427
The Purge;DeMonaco;427
Bring It On;Reed;426
Animal;Vanga;426
The Ladykillers;Coen;425
Walking Tall;Bray;425
Hostel;Roth;425
Vacancy;Antal;425
Lightyear;MacLane;425
Paper Towns;Schreier;425
The Karate Kid Part;Avildsen;424
The Losers;White;424
Wall Street: Money Never Sleeps;Stone;424
Fear Street;Janiak;424
Stuart Little;Minkoff;423
xXx;Cohen;423
Miami Vice;Mann;423
Dead Silence;Wan;423
The Other Woman;Cassavetes;423
Hulk;Lee;422
White Chicks;Wayans;422
Amsterdam;Russell;422
Ride Along;Story;422
Venom: The Last Dance;Marcel;422
Get Hard;Cohen;422
Spenser Confidential;Berg;422
Lara Croft: Tomb Raider;West;421
Shallow Hal;Farrelly;421
Land of the Dead;Romero;421
The Game Plan;Fickman;421
The Five-Year Engagement;Stoller;421
The Huntsman: Winter's War;Nicolas-Troyan;421
Along Came Polly;Hamburg;420
War;Atwell;420
I Spit on Your Grave;Monroe;420
Transformers: Age of Extinction;Bay;420
I Know What You Did Last Summer;Gillespie;419
The Mexican;Verbinski;419
Taking Lives;Caruso;419
Hannibal Rising;Webber;419
American Assassin;Cuesta;419
3 Days to Kill;McG;419
The Conjuring: Last Rites;Chaves;419
London Has Fallen;Najafi;419
Brightburn;Yarovesky;419
Sphere;Levinson;418
Bedazzled;Ramis;418
Push;McGuigan;418
Mirrors;Aja;418
Rambo: Last Blood;Grunberg;418
Damsel;Fresnadillo;418
Hitman's Wife's Bodyguard;Hughes;418
The Switch;Gordon;417
Crepúsculo;Hardwicke;417
Twilight;Hardwicke;417
Open Season;Allers;416
Abraham Lincoln: Vampire Hunter;Bekmambetov;416
The Time Machine;Wells;415
Godzilla X Kong: The New Empire;Wingard;415
Ambulance;Bay;415
Broken Arrow;Woo;414
The 6th Day;Spottiswoode;414
Bridget Jones: The Edge of Reason;Kidron;414
Sahara;Eisner;414
Blade: Trinity;Goyer;414
The Rum Diary;Robinson;414
Army of the Dead;Snyder;414
That Awkward Moment;Gormican;414
The Neon Demon;Refn;414
It Comes at Night;Shults;414
Dante's Peak;Donaldson;413
I Now Pronounce You Chuck & Larry;Dugan;413
Brüno;Charles;413
The Matrix Resurrections;Wachowski;413
The Great Wall;Zhang;413
Jurassic World: Rebirth;Edwards;413
Transformers: Rise of the Beasts;Jr.;413
Days of Thunder;Scott;412
The League of Extraordinary Gentlemen;Norrington;412
The Grudge;Shimizu;412
Fantastic Four: Rise of the Silver Surfer;Story;412
Ghostbusters: Frozen Empire;Kenan;412
Alien vs. Predator;Anderson;411
Resident Evil: Afterlife;Anderson;411
Into the Woods;Marshall;411
Universal Soldier;Emmerich;410
Deep Blue Sea;Harlin;410
Old;Shyamalan;410
The Pope's Exorcist;Avery;410
The Meg;Turteltaub;410
X-Men: Dark Phoenix;Kinberg;410
Crawl;Aja;410
Hollow Man;Verhoeven;409
Bad Teacher;Kasdan;409
American Ultra;Nourizadeh;409
Shazam! Fury of the Gods;Sandberg;408
G.I. Joe: The Rise of Cobra;Sommers;408
The Purge: Election Year;DeMonaco;408
Dirty Grandpa;Mazer;407
She's All That;Iscove;406
The Legend of Zorro;Campbell;406
The Green Hornet;Gondry;406
Charlie's Angels;McG;405
Hall Pass;Farrelly;405
Pathaan;Anand;405
Mr. Popper's Penguins;Waters;405
30 Minutes or Less;Fleischer;405
Trap;Shyamalan;405
Mortal Kombat;Anderson;404
Mr. Deeds;Brill;404
Wrath of the Titans;Liebesman;404
The Brothers Grimm;Gilliam;403
Green Lantern;Campbell;403
Jobs;Stern;403
The Boy;Bell;403
Jurassic World: Dominion;Trevorrow;403
Wild Hogs;Becker;402
Bedtime Stories;Shankman;402
The Rite;Håfström;402
G.I. Joe: Retaliation;Chu;402
Never Been Kissed;Gosnell;401
Battle Los Angeles;Liebesman;401
Cocaine Bear;Banks;401
Lockout;Mather;401
Project Power;Joost;401
Rambo;MacDonald;400
A Cinderella Story;Rosman;400
The Amityville Horror;Douglas;400
Mike and Dave Need Wedding Dates;Szymanski;400
Batman Forever;Schumacher;399
House of 1000 Corpses;Zombie;399
You Don't Mess with the Zohan;Dugan;399
The Break-Up;Reed;398
The Wolfman;Johnston;398
The Mortal Instruments: City of Bones;Zwart;398
Assassin's Creed;Kurzel;398
Power Rangers;Israelite;398
Skyscraper;Thurber;398
Cheaper by the Dozen;Levy;397
Journey to the Center of the Earth;Brevig;397
Dinner for Schmucks;Roach;397
The Last Witch Hunter;Eisner;397
King the Land;;397
Blue Beetle;Soto;397
Eat Pray Love;Murphy;396
Downsizing;Payne;396
Freddy vs. Jason;Yu;395
Underwater;Eubank;394
Jingle All the Way;Levant;393
Valentine's Day;Marshall;393
Teenage Mutant Ninja Turtles: Out of the Shadows;Green;393
Coyote Ugly;McNally;392
The Kissing Booth;Marcello;392
101 Dalmatians;Herek;391
Not Another Teen Movie;Gallen;391
Gothika;Kassovitz;391
Nacho Libre;Hess;391
Annabelle Comes Home;Dauberman;391
End of Days;Hyams;390
The Heartbreak Kid;Farrelly;390
Alexander;Stone;389
Laal Singh Chaddha;Chandan;389
Captain America: Brave New World;Onah;389
Identity Thief;Gordon;389
The Divergent Series: Allegiant;Schwentke;389
Gamer;Neveldine;388
Pixels;Columbus;388
Fast;Leterrier;388
Baywatch;Gordon;387
Godzilla;Emmerich;386
Jennifer's Body;Kusama;386
The Watch;Schaffer;386
Neighbors 2: Sorority Rising;Stoller;385
Percy Jackson: Sea of Monsters;Freudenthal;384
The Nutty Professor;Shadyac;383
Priest;Stewart;383
Splice;Natali;383
Gemini Man;Lee;383
Men in Black: International;Gray;383
A Minecraft Movie;Hess;383
Annabelle;Leonetti;382
The Dark Tower;Arcel;381
Dumb and Dumber To;Farrelly;381
Mechanic: Resurrection;Gansel;381
R.I.P.D.;Schwentke;380
The Day the Earth Stood Still;Derrickson;380
Only God Forgives;Refn;380
Journey 2: The Mysterious Island;Peyton;379
Poseidon;Petersen;377
The Bounty Hunter;Tennant;377
Rebel Moon - Part One: A Child of Fire;Snyder;377
The Three Musketeers;Anderson;377
Ghost Rider;Johnson;376
Spy Kids;Rodriguez;375
Pacific Rim: Uprising;DeKnight;375
Judge Dredd;Cannon;374
Chicken Little;Dindal;374
High School Musical;Ortega;373
Jigsaw;Spierig;372
The Nun;Hardy;372
Demolidor;Johnson;371
Daredevil;Johnson;371
Hitman: Agent;Bach;371
Dude, Where's My Car?;Leiner;370
The Scorpion King;Russell;370
Lara Croft: Tomb Raider - The Cradle of Life;Bont;370
Snakes on a Plane;Ellis;370
Couples Retreat;Billingsley;370
That's My Boy;Anders;370
Ghost Ship;Beck;368
House of Wax;Collet-Serra;368
Aquaman and the Lost Kingdom;Wan;368
Brahmastra Part One: Shiva;Mukerji;367
Runaway Bride;Marshall;365
The Hot Chick;Brady;365
The Pacifier;Shankman;364
The Marvels;DaCosta;364
Evan Almighty;Shadyac;363
Jupiter Ascending;Wachowski;363
Little Fockers;Weitz;362
Thir13en Ghosts;Beck;361
Dreamcatcher;Kasdan;361
Bride Wars;Winick;361
Argylle;Vaughn;361
Pompeii;Anderson;360
The Cloverfield Paradox;Onah;360
Saw 3D;Greutert;359
The Core;Amiel;358
Scooby-Doo;Gosnell;357
The Twilight Saga: Eclipse;Slade;357
A Good Day to Die Hard;Moore;357
Five Nights at Freddy's;Tammi;356
Æon Flux;Kusama;355
Gods of Egypt;Proyas;355
Resident Evil: The Final Chapter;Anderson;355
Lady in the Water;Shyamalan;354
Halloween Kills;Green;354
She-Hulk: Attorney at Law;Coiro;354
Your Highness;Green;354
Geostorm;Devlin;354
The Predator;Black;353
Piranha 3D;Aja;352
Independence Day: Resurgence;Emmerich;352
Resident Evil: Retribution;Anderson;352
Babylon A.D.;Kassovitz;351
Spring Breakers;Korine;351
Red Riding Hood;Hardwicke;349
Transformers: The Last Knight;Bay;349
The Mummy: Tomb of the Dragon Emperor;Cohen;348
Coringa;Phillips;348
F9: The Fast Saga;Lin;348
Doctor Dolittle;Thomas;345
Max Payne;Moore;345
The Twilight Saga: Breaking Dawn;Condon;345
The Counselor;Scott;345
The Ring Two;Nakata;344
65;Beck;344
Drive Angry;Lussier;344
The Circle;Ponsoldt;344
The Smurfs;Gosnell;343
Maid in Manhattan;Wang;342
Season of the Witch;Sena;342
The Dead Don't Die;Jarmusch;342
Paul Blart: Mall Cop;Carr;341
Legion;Stewart;340
Little Nicky;Brill;339
Emilia Pérez;Audiard;339
The Happening;Shyamalan;337
10,000 BC;Emmerich;336
Morbius;Espinosa;335
Alvin and the Chipmunks;Hill;334
Flubber;Mayfield;332
The 5th Wave;Blakeson;332
The New Mutants;Boone;332
Doom;Bartkowiak;331
The Twilight Saga: New Moon;Weitz;330
The Final Destination;Ellis;327
Moonfall;Emmerich;327
Eragon;Fangmeier;325
xXx: Return of Xander Cage;Caruso;323
Sex Tape;Kasdan;321
Charlie's Angels: Full Throttle;McG;316
Wild Wild West;Sonnenfeld;315
After Earth;Shyamalan;314
Anaconda;Llosa;312
Garfield: The Movie;Hewitt;312
Year One;Ramis;306
Meg 2: The Trench;Wheatley;303
Knock Knock;Roth;299
Aliens vs. Predator: Requiem;Strause;278
Elektra;Bowman;275
Fifty Shades Darker;Foley;271
Fifty Shades of Grey;Taylor-Johnson;270
Ghost Rider: Spirit of Vengeance;Neveldine;255
Movie;Banks;251
The Idol;Levinson;250
The Acolyte;Culpepper;247
Madame Web;Clarkson;220
Batman & Robin;Schumacher;219
The Last Airbender;Shyamalan;215
Catwoman;Pitof;165
365 Days;Bialowas;140
Meet the Spartans;Friedberg;92
Adipurush;Raut;77
Epic Movie;Friedberg;63
Snow White;Webb;56
Radhe;Deva;1
